time,seconds_elapsed,altitude,speedAccuracy,bearingAccuracy,latitude,altitudeAboveMeanSeaLevel,bearing,horizontalAccuracy,verticalAccuracy,longitude,speed
1700006735141786000,-15.8472138671875,56.19356918334961,-1,-1,43.256802182046556,92.60356903076172,-1,37,15.608868598937988,-79.90026887417325,-1
1700006744141786000,-6.8472138671875,56.19356918334961,-1,-1,43.256802182046556,92.60356903076172,-1,37,15.608868598937988,-79.90026887417325,-1
1700006751367245000,0.3782451171875,56.192352294921875,-1,-1,43.25658339203843,91.4413070678711,-1,300.31852541750567,33.039268493652344,-79.9001738738423,-1
1700006751662785000,0.673784912109375,56.118656158447266,-1,-1,43.25688890319282,92.52865600585938,-1,35,22.296113967895508,-79.90026287959319,-1
1700006752958508000,1.969508056640625,51.43597412109375,2.9700000286102295,56.31650114083175,43.2569266995818,87.84597396850586,247.8515625,16.010981633156,16,-79.90013281822195,2.7300000190734863
1700006753012397000,2.02339697265625,55.12847900390625,3.1500000953674316,58.4339963873191,43.256921460892315,91.53847885131836,247.8515625,16.132720550696654,3,-79.90015058785667,2.740000009536743
1700006754027647000,3.03864697265625,55.12847965024412,3.333037952262661,59.79447780233487,43.256912021044776,91.53847949765623,247.85154075628373,16.13272055069594,3.000000000003832,-79.90018231795906,2.740000009536483
1700006755041451500,4.052451416015625,53.90722720697522,3.647301178593729,53.83455357227565,43.25684525945393,90.31722705438733,266.1327891108747,12.942742316055462,4.000000000001601,-79.90021095446811,2.740000009536484
1700006756021157600,5.03215771484375,55.62359679676592,1.1599999666517566,52.09123683723511,43.25684994548446,92.03359664417803,286.17185324236885,8.976403179972493,4.0000000000005365,-79.90010145294045,2.740000009536501
1700006757019699500,6.030699462890625,57.022339020855725,1.0399999618597804,54.59948720613876,43.25684111263478,93.43233886826783,249.96092799997666,5.680670766653213,4,-79.90007937472285,1.2000000476836945
1700006757999991300,7.0109912109375,58.082153362222016,1.084493001074607,-1,43.256845353211745,94.49215320963413,-1,5.035044211777732,3.9999999999999996,-79.90006702028205,0.28999999165534973
1700006758999995600,8.01099560546875,59.05603031441569,0.983869904768706,-1,43.25685117863445,95.4660301618278,-1,4.6596659871237875,6.00002229855394,-79.90006827756754,0.28999999165534973
1700006760000000000,9.011,59.58404545020312,0.8049845038871333,-1,43.25685733933328,95.99404529761523,-1,4.37281275189844,4.006350895515789,-79.9000713788717,0.23000000417232513
1700006761000006700,10.011006591796875,62.178955120034516,0.8273451623373251,-1,43.256863500032104,98.58895496744663,-1,4.1867884564446065,4.03674862405018,-79.90007095977654,0
1700006762000007700,11.011007568359375,63.60845951270312,0.8832468751028236,-1,43.2568690320882,100.01845936011523,-1,4.186788447719491,4.036748633099595,-79.90007037304332,0.23000000417232513
1700006763000010800,12.0110107421875,63.8855591211468,0.8832468751028236,-1,43.256874019320584,100.29555896855891,-1,4.597135482277118,3.56242647508374,-79.90007355816653,0
1700006764000015400,13.011015380859375,63.82220463082194,0.8049845038871333,-1,43.256877204443796,100.23220447823405,-1,4.186788457608794,4.036748622842721,-79.90007565364232,0.15000000596046448
1700006765000018200,14.01101806640625,63.62585453223437,1.1851159641004705,-1,43.25687841981975,100.03585437964648,-1,4.186788445920265,4.036748634965696,-79.90007288761427,0.2199999988079071
1700006766000016100,15.01101611328125,63.97485355660319,0.8049845038871333,-1,43.25687862936733,100.3848534040153,-1,4.186788437286324,4.036748643920547,-79.90007062450042,0.1599999964237213
1700006767000009500,16.011009521484375,63.66320804879069,0.9391485212283034,-1,43.25687733017234,100.0732078962028,-1,4.210833960311364,4.026850968564721,-79.90007020540526,0.15000000596046448
1700006768000006100,17.011006103515626,63.78277592826635,0.7300000190742204,78.65826165180724,43.25687184374066,100.19277577567846,207.4218737174337,4.210523321237267,4.026965666618688,-79.90007459159706,0.3300000131130214
1700006769000003800,18.01100390625,63.796325732022524,0.750000000000712,71.49147392930769,43.25687019200648,100.20632557943463,246.44530994712122,4.235994922789972,4.017524587130768,-79.90008222884956,0.3300000131130214
1700006770000001000,19.0110009765625,63.58789066504687,0.8944272043279197,-1,43.25686911590722,99.99789051245898,-1,4.275226189467788,4.007987553320729,-79.90008386790743,0.18000000715255737
1700006770999998500,20.01099853515625,63.17816166114062,0.9056075335530156,-1,43.25686593078402,99.58816150855273,-1,4.341437518074658,4.006881188179158,-79.9000869692116,0.23000000417232513
1700006771999996000,21.010995849609376,63.03613285161555,0.8161648331122292,-1,43.25686220083712,99.44613269902766,-1,4.2731227799844715,4.00802240962701,-79.90008998669676,0.25999999046325684
1700006772999993600,22.01099365234375,62.59863285254687,0.8832468751028236,-1,43.25685830325215,99.00863269995898,-1,4.277455292267557,4.007950577809921,-79.9000925012677,0.23000000417232513
1700006773999992300,23.010992431640624,57.73495657928288,1.2292662387855442,-1,43.25680122875728,94.14495642669499,-1,4.792223890559741,3.2953189853999394,-79.900108926817,0.29208094773396237
1700006774999990000,24.010989990234375,57.642883389256895,1.2727711274035625,-1,43.25679563017168,94.052883236669,-1,4.794717746720022,3.2916893477478872,-79.90011265027286,0.2507528419605784
1700006775999989000,25.010989013671875,57.760765969753265,1.1296695379624717,-1,43.25679362956102,94.17076581716537,-1,4.792701373679057,3.294624496892434,-79.90012220804981,0.21521494534373214
1700006776999988000,26.010988037109374,57.57797730434686,1.7816638131312017,133.8703579187647,43.25678735546626,93.98797715175897,175.99289378829832,4.792268528628205,3.295254069462397,-79.90011853477604,0.5854799424941233
1700006777999987000,27.010987060546874,57.31507158558816,1.9490618378500912,143.2332251021019,43.256783111757905,93.72507143300027,191.34257906619348,4.796672106781985,3.288840788607516,-79.90012505391392,0.5821251619136657
1700006778999985200,28.010985107421874,57.371183631010354,1.4168292321280018,-1,43.25677931656847,93.78118347842246,-1,4.797712815689061,3.287322431852674,-79.9001237275701,0.43301567015790937
1700006779999984400,29.010984375,57.00526578258723,1.8157273545608565,-1,43.25678833184385,93.41526562999934,-1,4.872679822910089,3.175142260780411,-79.9001210314098,0.4242733257320557
1700006780999983000,30.010983154296873,57.04981694370508,1.756532920328678,-1,43.25679696962541,93.45981679111719,-1,5.161605530064087,3.145019825384015,-79.90012501561378,0.2704089166741176
1700006781999982800,31.01098291015625,57.03132107388228,1.2615939115233596,-1,43.25680091003602,93.44132092129439,-1,4.861358298050834,3.19244929963831,-79.90011503071041,0.1493729447049391
1700006782999980800,32.01098071289063,57.26088582538068,1.3381046242720276,-1,43.25680031645655,93.67088567279279,-1,4.83258521472703,3.235839485387145,-79.90012096225273,0.46819007743000707
1700006783999980000,33.01097998046875,56.97970010433346,2.1578485395228966,167.14588954155215,43.256791189202694,93.38969995174557,111.02002404219095,4.832990438182488,3.2352342198402684,-79.9001035750539,0.6273376855998548
1700006784999979000,34.01097900390625,56.9848047606647,1.972649581187611,-1,43.25680035991283,93.39480460807681,-1,4.977571322933789,3.206711775415032,-79.90008927578675,0.6038089378136022
1700006785999978500,35.010978515625,56.9306233106181,2.1117284551798865,-1,43.25680515054212,93.34062315803021,-1,5.486415102613996,3.1686683245508616,-79.90009608664872,0.1871425693364037
1700006786999977200,36.01097729492187,56.947084351442754,1.6502966401481312,-1,43.25681894261207,93.35708419885486,-1,5.337170638573908,3.2023604504720153,-79.9000759158875,0.24394672348548435
1700006787999977500,37.0109775390625,56.81459983903915,1.5231831231656918,-1,43.25682637454819,93.22459968645126,-1,5.1352951877162445,3.2068168275613567,-79.90008611467218,0.36062639481316483
1700006788999976200,38.01097607421875,57.06850130390376,1.4096119461706005,-1,43.2568231188161,93.47850115131587,-1,4.905110423477448,3.2219186407423983,-79.9000624068158,0.35808725678230197
1700006789999975700,39.0109755859375,57.11948114819825,1.3663504054318751,-1,43.25682809807277,93.52948099561036,-1,4.831395428329293,3.237615673286076,-79.9000515217676,0.3530150724390083
1700006790999974700,40.010974609375,57.36590291559696,1.6580343930751014,-1,43.25683329957095,93.77590276300907,-1,4.840516227378118,3.23312170666912,-79.90006538611865,0.462564131047438
1700006791999974100,41.01097412109375,57.45575229637325,1.1795155747145096,-1,43.25683873340643,93.86575214378536,-1,4.895293632492184,3.2361220586703734,-79.90006581253498,0.21735122115299652
1700006792999974100,42.01097412109375,57.91584057081491,2.0611145938264355,154.85369635193925,43.256842846139165,94.32584041822702,290.12720271844853,4.831686176207313,3.237181756935497,-79.90008616732005,0.5970129102514328
1700006793999973400,43.01097338867187,58.032354093156755,0.6577266805063552,-1,43.25684597490324,94.44235394056886,-1,4.825313533217175,3.2466731185846256,-79.90010347194928,0.24995008386367956
1700006794999973400,44.01097338867187,58.23696784488857,0.9429179336277337,-1,43.25685392031613,94.64696769230068,-1,4.813345726992735,3.2643896742315563,-79.90010249075112,0.3141911958232916
1700006795999972900,45.01097290039063,58.443986176513135,0.307972206397111,-1,43.25685683138621,94.85398602392524,-1,4.812201644602621,3.266075988778073,-79.90010414288072,0.20592494617544516
1700006796999971800,46.01097192382812,58.73307662829757,0.3226140955192263,-1,43.25685670469595,95.14307647570968,-1,4.806345859565433,3.274687238657617,-79.9001050097229,0.22997101667214404
1700006797999971600,47.0109716796875,58.34641826059669,1.392449545774721,-1,43.25685745900675,94.7564181080088,-1,4.809788131672949,3.269629208519962,-79.90009637020566,0.1859490257537059
1700006798999970800,48.010970703125,58.34949355106801,1.9797863609431599,180,43.25685143239224,94.75949339848012,98.28432346626222,4.764255548113707,3.335626793431273,-79.90009638774825,0.28820827146838696
1700006799999970600,49.010970458984374,58.252650883980095,2.0028634808394896,180,43.25684504132039,94.6626507313922,98.28432484088795,4.766101702482727,3.3329883879755857,-79.90009563576436,0.36245993829446077
1700006800999970000,50.01096997070312,58.43783150240779,2.059260443415572,180,43.25684257098637,94.8478313498199,98.28432402846363,4.7634662948736075,3.336753795291457,-79.90009734822107,0.29962629600509594
1700006801999970000,51.01096997070312,58.55126155912876,1.9982116077935679,180,43.2568378044548,94.96126140654087,98.28432741862161,4.764337780757063,3.3355093379631993,-79.90009326198816,0.21744094940143222
1700006802999969500,52.01096948242188,58.72792311478406,2.010103354774789,180,43.25683752885871,95.13792296219617,98.2843257703107,4.763125591023196,3.3372401227554436,-79.90009577503908,0.21595976532180686
1700006803999969000,53.010968994140626,58.52120419032872,1.5128517626522864,180,43.25683154559047,94.93120403774083,98.2843254981835,4.761144793986175,3.3400654609583897,-79.90009739507838,0.05572097235638374
1700006804999969500,54.01096948242188,58.94284694455564,2.0646893275051488,180,43.25682463153112,95.35284679196775,98.28432430031594,4.754139601823292,3.3500289072132357,-79.90010058402342,0.30760389027532636
1700006805999968300,55.01096826171875,58.82783318962902,1.9886527726426106,180,43.25682018523961,95.23783303704113,98.2843237000981,4.74973294684372,3.356273821733875,-79.90010238119412,0.3039607006287739
1700006806999968500,56.010968505859374,59.26783828623593,2.004594420550269,180,43.256814839021224,95.67783813364804,103.18079632191261,4.751237220024146,3.3541439909231774,-79.90010353671282,0.6172786126807599
1700006807999967700,57.0109677734375,58.82313031330705,1.7928498291914243,180,43.25681423815223,95.23313016071916,116.79981904235515,4.750110520848184,3.355739422618542,-79.90011293642968,0.24329937343283364
1700006808999968000,58.01096801757812,58.99006387218833,1.8841713537114977,180,43.256806983575075,95.40006371960044,116.7998148873621,4.752289088819693,3.352653493738076,-79.90011418100626,0.4092684743768076
1700006809999967000,59.010967041015626,58.71449183207005,1.8689145156405773,180,43.25680594092146,95.12449167948216,116.79980534922656,4.7591371739652875,3.342925424260992,-79.90012496877104,0.19341001954641673
1700006810999967700,60.0109677734375,58.737084726803005,2.058273811644756,180,43.256796650613985,95.14708457421511,116.79980231817612,4.769444905378707,3.328202567054165,-79.9001238455282,0.41197519881301226
1700006811999967000,61.010967041015626,58.50677413120866,2.061701164007242,180,43.25679655023905,94.91677397862077,116.7998026340722,4.75380754966719,3.3505000840943224,-79.90012341970888,0.42556895347170487
1700006812999967200,62.01096728515625,58.229700930416584,2.0550066116911863,180,43.25680005896718,94.6397007778287,116.79980287580463,4.7717652723437975,3.3248749177138315,-79.90012491541219,0.2865850170921572
1700006813999966700,63.010966796875,57.83170994929969,2.098479740002535,180,43.256808401310025,94.2417097967118,116.79978865914323,4.821343410445773,3.252565871944787,-79.90014602231417,0.27447034678731913
1700006814999966700,64.010966796875,57.75696954410523,1.6683126144242737,180,43.256820581255866,94.16696939151734,116.79978988348131,4.8442453576336995,3.2183573368774923,-79.90015075732047,0.11479884865530125
1700006815999966000,65.01096606445313,57.56910180673003,1.4236036749516692,180,43.25683054698521,93.97910165414214,116.79979401283754,4.785195288990069,3.3055170668166407,-79.90015092049701,0.07666235535708789
1700006816999966200,66.01096630859375,57.65253613702953,1.4007004377100079,180,43.256826803580175,94.06253598444164,123.27931539198013,4.773810279800817,3.3219380556020117,-79.90015299604386,0.039866708193952625
1700006817999966200,67.01096630859375,57.7567491857335,1.4995487604062667,180,43.25683044046607,94.1667490331456,123.27931786241044,4.770439390079588,3.326776977551384,-79.90014989019579,0.049417046357507315
1700006818999966200,68.01096630859375,57.104320453479886,1.978036162670213,180,43.25683181991088,93.514320300892,123.27931239928583,4.798583218755535,3.2860517533153066,-79.90015763597687,0.2599857188788697
1700006819999966200,69.01096630859375,57.25324174016714,1.7747291476679348,124.24216874542536,43.256831274979056,93.66324158757925,121.67375317768267,4.843066292436428,3.220131351335672,-79.90013590685577,0.6851065257907408
1700006820999965700,70.01096557617187,57.31207161210477,1.2779512126531996,107.24731742474086,43.256849770152826,93.72207145951688,64.74017751342058,4.841713105948298,3.2221656122051403,-79.90011891126669,0.5530005804503886
1700006821999965000,71.01096484375,57.41783350892365,1.3438386347431013,113.96517804820824,43.256863886866114,93.82783335633576,51.500003147347314,4.81028203335847,3.2689025363778503,-79.90011588824986,0.515349142450746
1700006822999965200,72.01096508789063,57.80598762631416,1.4873681692471736,180,43.25686721841117,94.21598747372627,50.54426796132587,4.80195783174967,3.281118409153629,-79.90011364092686,0.09748594712210192
1700006823999965200,73.01096508789063,57.868387010879815,1.5340859183802833,180,43.25687490866424,94.27838685829192,50.544268611065036,4.8075898935297525,3.272860591045609,-79.90011522162797,0.08861442186062381
1700006824999964200,74.01096411132812,58.116527209058404,1.8097775470131237,180,43.25688137007147,94.52652705647051,50.5442655150322,4.801748564925922,3.2814246528026034,-79.9001229955149,0.3644497830194339
1700006825999965200,75.01096508789063,58.28147807251662,1.644845831109275,123.10839334029346,43.256886247372805,94.69147791992873,68.29956858433327,4.808415738381817,3.271647156964039,-79.90010428433868,0.6065012058716357
1700006826999964700,76.01096459960938,58.48704243544489,1.8495124002069316,180,43.25688353745142,94.897042282857,77.88071149680098,4.796073220036548,3.2897140758487042,-79.90010634927337,0.2376498245955695
1700006827999963600,77.01096362304688,58.67976586613804,1.9376310640030214,180,43.25687473998229,95.08976571355015,77.88070860440868,4.8028799945616285,3.279768405029313,-79.90010681759203,0.2662881239698063
1700006828999964000,78.0109638671875,58.8226529546082,2.0139434825130027,180,43.25687456317531,95.23265280202031,77.88071382733362,4.80243956323082,3.280413277973404,-79.9000985647052,0.28183922478698925
1700006829999964000,79.0109638671875,59.001570431515574,1.8895816194618982,180,43.25687561562483,95.41157027892768,77.88071500481253,4.79506739029463,3.2911799943670483,-79.90009720784796,0.3963534901369698
1700006830999963600,80.01096362304688,59.03647438529879,1.6587373846477116,180,43.256874204540615,95.4464742327109,77.880718107631,4.7865961266813235,3.303488240152852,-79.90009170272668,0.15470089444383608
1700006831999963600,81.01096362304688,59.05503084696829,1.4741885880665317,180,43.25687456333052,95.4650306943804,77.88071882267094,4.783331241427367,3.30821390898076,-79.90009074948767,0.09271000978720437
1700006832999963400,82.01096337890625,59.01276332885027,1.8614870462124218,180,43.25687084418655,95.42276317626238,86.67722991016495,4.772626993012663,3.3236378590868987,-79.90008122988176,0.37971190873431476
1700006833999963000,83.010962890625,59.08105597831309,1.9618370895711996,180,43.25686895599678,95.4910558257252,86.67722349220404,4.762849418921669,3.3376342587926495,-79.90009087989824,0.22830777848492226
1700006834999963400,84.01096337890625,59.61095961369574,1.8499426550681155,180,43.256858126165206,96.02095946110785,86.67722238802955,4.759937842782347,3.341785266236802,-79.90009454249727,0.1952398374405338
1700006835999963000,85.010962890625,59.50172537751496,1.708970540414754,180,43.25684995066278,95.91172522492707,86.67721756308104,4.755368857578557,3.348283748603282,-79.90010308503736,0.15835323784359573
1700006836999963000,86.010962890625,59.54741152655333,1.549934555528772,180,43.2568482692785,95.95741137396544,86.67721790899951,4.7514507565436785,3.353841490131778,-79.90010290480556,0.10838738845789254
1700006837999962400,87.01096240234375,59.589831366203725,1.9932560941050381,180,43.256843980523634,95.99983121361583,86.67722341467228,4.749867870872082,3.3560828717488422,-79.90009575273403,0.2307919433442671
1700006838999963000,88.010962890625,59.61191034223884,1.7017793081487316,180,43.25684135953693,96.02191018965095,86.67722005071586,4.74618669392501,3.3612867921672533,-79.90010112171002,0.1657995039867195
1700006839999963000,89.010962890625,59.997104389593005,1.9943671875347742,180,43.2568395190331,96.40710423700511,86.67722335681925,4.749853961779703,3.356102557216406,-79.90009668688835,0.3402596463774599
1700006840999962600,90.01096264648437,60.25672376528382,1.968775862458183,180,43.25684079269411,96.66672361269593,86.67722736047021,4.763795596397142,3.336283643297738,-79.90009064875876,0.31509261483358114
1700006841999962400,91.01096240234375,60.31033904943615,1.9689597696339676,180,43.25684069403837,96.72033889684826,86.67722513204303,4.7552626798207696,3.348434541497359,-79.90009389325122,0.22699426321020513
1700006842999965000,92.01096484375,59.66796919517219,1.4065799411433333,150.71919657858402,43.25684525399368,96.0779690425843,66.24270410386977,4.761809764391317,3.339117368487719,-79.90009370199432,0.4442967331370112
1700006843999961900,93.0109619140625,60.01196473184973,1.6367450753730421,180,43.256844928147515,96.42196457926184,58.18972086591548,4.76675923829102,3.3320479283701863,-79.90010165798783,0.32154203468623616
1700006844999962000,94.01096215820313,59.62708176672459,1.4509474423305389,180,43.25684978636547,96.0370816141367,58.189717371320974,4.782179732881136,3.309878250813727,-79.90010933866792,0.09025483771662123
1700006845999962400,95.01096240234375,59.35867387242615,1.399577310118492,103.93820236984507,43.256850665508885,95.76867371983826,99.11988284157435,4.770578787730669,3.3265770790473237,-79.90009824056436,0.5326613681750464
1700006846999961300,96.01096142578125,59.79314439557493,1.2272336532338668,70.13264270508176,43.256854129934396,96.20314424298704,73.01815245037113,4.755331799588228,3.3483363792507204,-79.90009362441438,0.6451924116448499
1700006847999961300,97.01096142578125,59.4918679157272,1.5497397072813786,180,43.25685626195816,95.90186776313931,76.15998038431435,4.753187994445842,3.351378958316226,-79.9000969937298,0.2526113984019454
1700006848999961900,98.0109619140625,59.444968270137906,1.5414935658674476,180,43.25685991778281,95.85496811755002,76.15997417319612,4.763945451995637,3.336069658025581,-79.90010282238487,0.14445952659288724
1700006849999961900,99.0109619140625,59.29225173778832,1.6156036065155397,180,43.2568621185876,95.70225158520043,80.79955296667903,4.767891107101036,3.3304281141642584,-79.90009910769717,0.3628205416113011
1700006850999961300,100.01096142578125,59.127239112742245,1.3386814873592712,153.94555682285724,43.25686849713603,95.53723896015435,67.89941528978588,4.767756718563122,3.3306204985535417,-79.90009463496028,0.3679043518378743
1700006851999960800,101.0109609375,58.98079503979534,1.293696348948356,148.63979904435516,43.256869360149274,95.39079488720745,52.72960622031242,4.763144932709762,3.3372125168754465,-79.90009257632138,0.33555952405261535
1700006852999961900,102.0109619140625,58.5844769673422,1.1885280200619666,83.35305891019125,43.25687568707206,94.99447681475431,42.29469368970612,4.760268740688012,3.3413138956430593,-79.9000882088444,0.4336714195025864
1700006853999961300,103.01096142578125,58.596285303123295,1.2626914742953266,113.28330028421735,43.25687593326959,95.0062851505354,35.80278196728246,4.771977976753317,3.3245696296167653,-79.90008581399739,0.2986720675125909
1700006854999961300,104.01096142578125,58.473227551206946,1.212642787966665,-1,43.25687055736758,94.88322739861906,-1,4.782458622573945,3.309475269005189,-79.90008581593938,0.19859978218834906
1700006855999960800,105.0109609375,57.857071125879884,1.0576339701672186,-1,43.25687636023512,94.267070973292,-1,4.781341399094983,3.311089164925835,-79.90008949041456,0.4789615117079323
1700006856999961300,106.01096142578125,57.873601402156055,1.1297183376969984,-1,43.25686879574661,94.28360124956816,-1,4.778959746710523,3.314525723555232,-79.90009067733152,0.22999671687788423
1700006857999960800,107.0109609375,57.811361441388726,1.3764647142441087,-1,43.256864622894874,94.22136128880084,-1,4.789652268070358,3.2990556502971136,-79.90009347315464,0.3333487502995082
1700006858999960600,108.01096069335938,57.82656054664403,1.344970614518887,-1,43.25686331425966,94.23656039405614,-1,4.791067708156451,3.296999734402375,-79.90009440827512,0.18048025847241078
1700006859999960300,109.01096020507812,57.46057371702045,1.4484077474650054,162.98586176354897,43.25684998435897,93.87057356443256,260.0979133280053,4.809679443933264,3.2697890879068385,-79.90011059586753,0.27202429926831295
1700006860999960300,110.01096020507812,57.269553317688406,1.717564760161023,131.79751211140302,43.2568527792078,93.67955316510051,271.46679414337336,4.806692110614919,3.274178979002389,-79.90011650406102,0.458597819381544
1700006861999960800,111.0109609375,56.95849288441241,1.558771114636385,124.87815704509711,43.256850883945205,93.36849273182452,272.2433839199411,4.802756397732962,3.279949392418112,-79.9001153993466,0.3861285408087233
1700006862999959800,112.01095971679688,56.88911193609238,2.168189566682777,175.39587800767134,43.25684480773478,93.29911178350449,271.38046180068,4.821485331290697,3.252355489939171,-79.90012280203335,0.4726882394523428
1700006863999960000,113.0109599609375,56.39142812695354,1.5077723313664948,122.34976885280335,43.25683491177979,92.80142797436565,256.6060028271314,4.810393742453192,3.2687381472605006,-79.90013106316661,0.44071341328094576
1700006864999960000,114.0109599609375,56.17082379292697,1.5158519612114643,115.63083313221041,43.256823357653474,92.58082364033908,246.36866758232313,4.8043168598255725,3.277663274832328,-79.90014097306928,0.4379064447103094
1700006865999960000,115.0109599609375,56.00881939660758,1.8978256521841201,180,43.25681825340339,92.41881924401969,255.95981166462627,4.798552087981139,3.286097212761772,-79.90014921778096,0.31976759144821065
1700006866999959300,116.01095922851563,55.858891321346164,2.1455024139087926,180,43.256806619424516,92.26889116875827,255.95979612278927,4.808510353359868,3.271508094811901,-79.90016212968895,0.37465819912863674
1700006867999959800,117.01095971679688,56.137353003025055,1.4420311722051788,180,43.256807065973554,92.54735285043716,255.95980695597507,4.7839005643694374,3.3073905761210924,-79.90014315423899,0.06937653257439513
1700006868999959600,118.01095947265625,56.10125379450619,1.64649158251911,180,43.256797987648476,92.5112536419183,244.91084957140873,4.770997845510109,3.3259760358316965,-79.90014870978078,0.2614834749875968
1700006869999958800,119.01095874023437,56.59180324990302,1.748846611880553,180,43.25679671027467,93.00180309731513,244.91085505788976,4.760938337530489,3.3403597379655467,-79.9001314252228,0.23342674127587706
1700006870999959600,120.01095947265625,56.5981923379004,1.7210084396944936,180,43.256795871250375,93.00819218531251,244.91085133674312,4.75661624913621,3.3465114509354676,-79.90013919986488,0.30803233053897316
1700006871999958500,121.01095849609375,56.33445609360933,1.8265947298305099,180,43.25679540701221,92.74445594102144,244.91084878020993,4.7846211324097485,3.306348083926871,-79.90014480102612,0.16766882208734846
1700006872999959600,122.01095947265625,56.73412481043488,1.5675714839923813,180,43.256794976700206,93.14412465784699,244.91084733813068,4.823463803173539,3.24942055946341,-79.9001475705099,0.10859043428190576
1700006873999959600,123.01095947265625,56.55557638127357,1.260442407423104,152.84922648818818,43.256804659045414,92.96557622868568,58.135028347664914,4.7858920175942,3.3045082279693228,-79.90013731656478,0.364209416739264
1700006874999959000,124.010958984375,56.94152687583119,1.2937621651015496,95.42010122614965,43.25681746858971,93.3515267232433,54.9936747164007,4.7741176921696145,3.3214962432768025,-79.900122046577,0.5698683686782926
1700006875999959300,125.01095922851563,56.82984813954681,1.4849360978487356,180,43.25682033722447,93.23984798695892,58.51705410666303,4.774910951518727,3.3203557697715698,-79.90011092603547,0.32404346707027837
1700006876999958500,126.01095849609375,56.98798630293459,1.5043380276901037,180,43.256824718494045,93.3979861503467,58.51705164532184,4.793528451435827,3.293421020468547,-79.90011313866945,0.02978782739193806
1700006877999958500,127.01095849609375,56.65274063963443,1.8818144640622103,180,43.256834301477475,93.06274048704654,58.08103227016481,4.794290011821433,3.292312305255697,-79.90010115548672,0.372118764752945
1700006878999958500,128.01095849609376,56.85096074640751,1.803928621393847,180,43.2568423609286,93.26096059381962,58.081041032587486,4.788408355719429,3.300860865238822,-79.90008782351983,0.4148425674523953
1700006879999958500,129.01095849609376,56.913235505111516,1.7294394593435054,180,43.256852132389575,93.32323535252362,58.081043566754325,4.778870668514754,3.314654154870185,-79.90008217194325,0.4004598854384713
1700006880999958000,130.0109580078125,56.75059333164245,1.5334686420225534,128.0861230117782,43.25685222663935,93.16059317905456,84.31647191311477,4.772438418429576,3.3239086291723257,-79.90006371544293,0.4728924439209731
1700006881999958500,131.01095849609376,56.55967750400305,1.2327766984144768,160.49634671243822,43.256856831362995,92.96967735141516,35.751562271163486,4.765793247168571,3.3334294289862028,-79.90006688323781,0.1712247442303311
1700006882999957000,132.01095703125,56.32525556348264,1.6619821156715446,180,43.2568610383499,92.73525541089475,35.75156205561402,4.76724864191121,3.3313476880962996,-79.90006452566895,0.2121016000127624
1700006883999960300,133.01096020507813,56.251674346625805,1.6594189432408806,180,43.256865956045324,92.66167419403791,35.75156702013499,4.76775715546738,3.3306198731284895,-79.90005870471559,0.21447109773399767
1700006884999963000,134.010962890625,56.65933522582054,1.6407481114151559,180,43.25686783630813,93.06933507323265,35.75156363447567,4.78383345500138,3.307487642848934,-79.90005958377218,0.11086651083797384
1700006885999963600,135.01096362304688,56.42118791397661,1.2339223913357658,180,43.25686391144579,92.83118776138872,35.75155074129309,4.771241144409633,3.3256270047438403,-79.90006947719003,0.0728606524534678
1700006886999966200,136.01096630859374,56.364045658148825,1.195425116084431,180,43.25686207743293,92.77404550556093,35.75153784379603,4.7631087365936065,3.3372641783614454,-79.90007813849647,0.04935718973201097
1700006887999970800,137.010970703125,56.39054188784212,1.3183133902153927,180,43.25685670858238,92.80054173525423,35.751524394309946,4.775527666355396,3.3194687136141265,-79.90008921145501,0.052174986801356134
1700006888999974000,138.01097387695313,56.023052672855556,1.7606856763341028,180,43.256850803503745,92.43305252026767,35.751524553037335,4.790744663155957,3.29746912119455,-79.90009260512963,0.13875222902707463
1700006889999974700,139.010974609375,55.731759732589126,1.7297018695080335,180,43.25684163723851,92.14175958000124,35.751516598659826,4.7950879013817085,3.291150110646975,-79.90010269163247,0.14899954277729452
1700006890999978000,140.01097802734375,55.38600460905582,1.75599149205744,180,43.25683675620223,91.79600445646793,35.751507378858086,4.820009378644705,3.25454245978846,-79.90011099125083,0.1638684059430126
1700006891999980800,141.0109807128906,55.01680932752788,1.0826667733710267,-1,43.25683777624978,91.42680917493999,-1,4.832730829904082,3.2356220048830537,-79.90009818821324,0.4411922739483827
1700006892999980000,142.01097998046876,54.794700467959046,0.9542666382422128,-1,43.25683664082026,91.20470031537116,-1,4.804959354462823,3.276721323937855,-79.900102515938,0.4585005157936852
1700006893999978200,143.01097827148436,54.79003381356597,1.1949848287752187,-1,43.256830219667414,91.20003366097808,-1,4.804697536550506,3.277105218795138,-79.90010844439614,0.3812727812081066
1700006894999980300,144.01098022460937,54.514693511649966,1.4551752575517614,-1,43.25682082643281,90.92469335906208,-1,4.810733695237984,3.268237804427751,-79.90011826172005,0.4319037855539348
1700006895999977700,145.01097778320312,54.46437218692154,1.4669668218958285,-1,43.256808618501886,90.87437203433365,-1,4.816753264021304,3.259359603714961,-79.90011111496233,0.3114374901080938
1700006896999979500,146.0109794921875,54.13755350932479,1.5064152661041337,-1,43.25680277698902,90.5475533567369,-1,5.234000746577079,3.2422750440581884,-79.90011210291794,0.38586495579319297
1700006897999983900,147.01098388671875,54.27602328918874,1.8931288486884088,105.28689289438194,43.25680803716188,90.68602313660085,312.6229808051041,5.491016477514579,3.261700806123433,-79.90012848330947,0.8641304386516497
1700006898999986700,148.01098657226564,54.6293955380097,1.1834496257405693,147.7331778512573,43.25680839349481,91.03939538542181,345.9383828410471,5.332935040180544,3.248659978091443,-79.9001178563293,0.4483202033412964
1700006899999990500,149.01099047851562,54.744616102427244,1.5598079311796174,180,43.256808741051515,91.15461594983935,344.5737970432917,5.1632620515033905,3.248078998745941,-79.9001117887402,0.38061755372577394
1700006900999994400,150.01099438476564,55.07726154755801,1.6873151577694652,180,43.256815505695684,91.48726139497012,356.4555974807345,5.009588489393786,3.236746919357795,-79.90010111084658,0.39209061600533573
1700006901999997200,151.0109970703125,55.57149769272655,1.4469037491870544,180,43.25682249208243,91.98149754013866,10.473641429028023,4.799446214841671,3.284791175041542,-79.90007419123768,0.10538337992706162
1700006903000001500,152.01100146484376,55.885837090201676,1.60678743095478,180,43.25681566905555,92.29583693761379,10.473640068770631,4.783252988793871,3.3083270512425673,-79.9000761651578,0.260697167706376
1700006904000003800,153.01100390625,55.983083319850266,1.3470587670510987,105.54446733605167,43.256820216722616,92.39308316726238,19.618128235315087,4.780242602703907,3.312675307373697,-79.90006264723442,0.6199445229516172
1700006905000006400,154.01100634765626,56.15318152774125,1.2575396346543823,93.78292687679799,43.25682655102773,92.56318137515336,24.98185433866856,4.7944309926087545,3.2921069985499356,-79.9000523524314,0.6292569192073935
1700006906000009000,155.01100903320312,55.99398499634117,1.2807150883892608,103.04783749570157,43.25683249076785,92.40398484375328,29.290966000852706,4.80077287456046,3.2828519369099385,-79.9000426465976,0.5434213940023379
1700006907000010500,156.0110104980469,55.69520253315568,1.236232703813976,111.01473034951442,43.256838527469284,92.10520238056779,12.427125098963733,4.812426758841929,3.265744283248613,-79.9000441918528,0.40702621628042474
1700006908000012800,157.0110126953125,55.40395984891802,1.1907931394551707,119.75433502810417,43.25683892053433,91.81395969633013,13.425019185423496,4.80805819181372,3.2721725897210576,-79.90004007460455,0.272632488085619
1700006909000015600,158.011015625,55.140237564221025,1.1713389855282181,83.7387773209914,43.25684269325953,91.55023741163313,23.813883830032992,4.792993265332375,3.29419984082134,-79.90002455883523,0.40938340384420663
1700006910000018000,159.01101782226561,55.16313921660185,0.9221292572622634,-1,43.25684736143774,91.57313906401396,-1,4.787874469295842,3.3016352159276914,-79.90002435187596,0.3565521639316576
1700006911000020000,160.01102001953126,54.99426155630499,1.3794035931971755,-1,43.25685548657281,91.4042614037171,-1,4.79175560486241,3.295999887144797,-79.900026846289,0.3412300228207034
1700006912000022800,161.01102270507812,54.69391394406557,1.1120024168335718,-1,43.256860482053824,91.10391379147768,-1,4.798665532185714,3.2859315487395095,-79.90003404965863,0.3953474285754369
1700006913000024800,162.01102490234376,54.35391341149807,0.7740673582822508,-1,43.25686217231537,90.76391325891018,-1,4.782630154726305,3.3092273774842784,-79.90004252788553,0.396128554538813
1700006914000026000,163.01102612304686,54.279766774736345,1.0165328614598568,-1,43.25685897522784,90.68976662214845,-1,4.7805576947268245,3.312220578430275,-79.90004962608495,0.25768390342496456
1700006915000028700,164.0110285644531,54.24571059923619,1.0217174538107054,-1,43.25685587528132,90.6557104466483,-1,4.775290240989591,3.319810257695221,-79.9000575330404,0.5184220641936192
1700006916000030500,165.01103051757812,54.661649607121944,1.0335533531741044,-1,43.25685606889493,91.07164945453405,-1,4.779543959334799,3.313683233740828,-79.90006813529222,0.2821729925980075
1700006917000031000,166.01103100585937,53.947936145588756,0.787506494663326,-1,43.256849008343465,90.35793599300086,-1,4.7958210546158,3.290081677541248,-79.90007016599104,0.6347591434535265
1700006918000032800,167.01103271484374,54.23827819060534,1.115593631744773,135.80987024725988,43.256844100771126,90.64827803801745,198.52296939309244,4.800887460254655,3.2826843629503046,-79.9000763124216,0.3039304893474861
1700006919000034300,168.01103442382814,53.65372653398663,0.9514077260491306,63.60704127154304,43.25685444107595,90.06372638139874,322.7259483854559,4.7876304585271585,3.301989040771012,-79.9000784649571,0.5583379291149456
1700006920000035300,169.01103540039063,53.717798033729196,1.126588547632314,71.57724022653318,43.256857005824926,90.1277978811413,321.54136814292235,4.787857547069771,3.301659755601093,-79.90008020061761,0.5475806660274157
1700006921000035300,170.01103540039063,53.6438912441954,1.1733447267392152,99.54999212957749,43.25685305959711,90.05389109160751,327.0135943897166,4.790388888267497,3.297985950842139,-79.90007764311447,0.46381241365542886
1700006922000036900,171.0110368652344,53.69571938831359,1.0628325525435947,180,43.25683972944487,90.1057192357257,326.48129021714095,4.779460798780285,3.313803178481087,-79.90007154267664,0.09921091862996004
1700006923000037400,172.01103735351563,53.58892092760652,1.1685674119856821,180,43.256833540727456,89.99892077501863,326.48128774557927,4.784565116120714,3.306429143712234,-79.90007157076155,0.11175949899399407
1700006924000039200,173.0110390625,53.36338222306222,1.0992218742318984,180,43.25682655622114,89.77338207047433,326.48130484475405,4.786705791807146,3.30332933499958,-79.90005382590397,0.096718900212764
1700006925000039700,174.01103979492189,53.60124525614083,1.2074598581978606,180,43.2568179307998,90.01124510355294,326.4813042077265,4.832776825313407,3.2835017066719328,-79.90005135552666,0.08213258192947408
1700006926000040200,175.01104028320313,53.735616721212864,1.4081484825035844,180,43.256818856328906,90.14561656862497,326.4813171949072,4.940978451081158,3.2628162245783967,-79.9000400736499,0.23668340799948454
1700006927000041200,176.01104125976562,54.326257698237896,0.8942327626068186,180,43.256811770036116,90.73625754565,85.09203350898244,4.779420560048069,3.3138612135964047,-79.90002057799012,0.011100458933880477
1700006928000042000,177.0110419921875,54.37039972003549,1.289850776359987,180,43.2568036628229,90.7803995674476,85.09204221927905,4.779540518933707,3.313688196052813,-79.90001713996534,0.22132313776390883
1700006929000043000,178.01104296875,54.682860107161105,1.2760142703081996,180,43.256807713976606,91.09285995457321,91.47714674233663,4.7771405258727455,3.3171471822717042,-79.90001475174716,0.2155697935681487
1700006930000042800,179.01104272460938,54.561261425726116,2.910993953215749,180,43.256802853764405,90.97126127313823,91.47714871828325,4.775316040872524,3.3197731462517734,-79.90001635354558,0.18442324036480762
1700006931000043800,180.01104370117187,54.801289157010615,0.9842142302145878,180,43.25679681926639,91.21128900442272,91.47715780869346,4.796181045812687,3.2895568711569574,-79.9000084872892,0
