time(ms),accel_x(m/s^2),accel_y(m/s^2),accel_z(m/s^2),gyro_x(rad/s),gyro_y(rad/s),gyro_z(rad/s),mag_x(uT),mag_y(uT),mag_z(uT),orientation_x(degrees),orientation_y(degrees),orientation_z(degrees)
1666,0.51,-4.89,8.05,-0.19,0.06,-0.12,-7.06,62.56,7.88,0.0,3.13,31.25
1685,0.51,-4.9,8.05,-0.06,-0.06,0.12,-5.88,63.38,7.06,0.0,3.13,31.25
1704,0.51,-4.9,8.06,0.06,0.0,0.06,-5.88,63.38,7.06,0.0,3.13,31.25
1725,0.5,-4.89,8.05,0.06,-0.19,0.06,-5.88,63.38,7.06,0.0,3.13,31.25
1744,0.5,-4.9,8.05,0.06,0.0,-0.06,-5.19,62.25,9.06,0.0,3.13,31.25
1763,0.52,-4.9,8.06,-0.06,-0.12,0.0,-5.19,62.25,9.06,0.0,3.13,31.25
1782,0.51,-4.91,8.06,0.12,-0.37,0.06,-5.19,62.25,9.06,0.0,3.13,31.25
1803,0.51,-4.89,8.07,0.12,-0.19,0.06,-6.25,62.25,8.69,0.0,3.13,31.25
1823,0.51,-4.88,8.05,0.06,-0.06,0.06,-6.25,62.25,8.69,0.0,3.13,31.25
1843,0.51,-4.9,8.09,0.12,-0.12,-0.19,-7.38,64.06,9.5,0.0,3.13,31.25
1863,0.52,-5.05,8.32,-0.25,0.0,0.0,-7.38,64.06,9.5,0.0,3.13,31.25
1883,0.52,-5.04,8.34,-0.12,0.12,0.12,-7.38,64.06,9.5,0.0,3.13,31.25
1903,0.53,-5.08,8.34,-0.06,0.12,0.06,-7.75,63.0,7.5,0.0,3.13,31.25
1924,0.54,-5.07,8.35,-0.06,0.06,0.12,-7.75,63.0,7.5,0.0,3.13,31.25
1944,0.5,-5.07,8.32,0.06,0.06,-0.06,-7.06,63.0,7.88,0.0,3.13,31.25
1965,0.52,-5.05,8.35,0.12,-0.25,0.06,-7.06,63.0,7.88,0.0,3.13,31.25
1983,0.52,-5.06,8.35,0.06,-0.25,-0.06,-6.69,63.38,7.88,0.0,3.13,31.25
2003,0.53,-5.08,8.32,-0.19,-0.06,0.0,-6.69,63.38,7.88,0.0,3.13,31.25
2024,0.52,-5.08,8.33,0.0,-0.12,-0.12,-6.69,63.38,7.88,0.0,3.13,31.25
2044,0.54,-5.06,8.36,0.12,-0.06,-0.12,-8.19,63.0,8.25,0.0,3.13,31.25
2064,0.55,-5.07,8.35,0.0,0.12,0.06,-8.19,63.0,8.25,0.0,3.13,31.25
2083,0.52,-5.07,8.37,-0.06,0.25,-0.06,-7.75,63.38,7.06,0.0,3.13,31.25
2103,0.51,-5.07,8.36,-0.25,0.12,0.06,-7.75,63.38,7.06,0.0,3.13,31.25
2123,0.53,-5.07,8.34,0.0,-0.19,0.06,-7.75,63.38,7.06,0.0,3.13,31.25
2144,0.53,-5.07,8.33,-0.06,-0.06,0.06,-7.38,62.56,9.5,0.0,3.13,31.25
2163,0.53,-5.05,8.31,-0.31,0.12,0.06,-7.38,62.56,9.5,0.0,3.13,31.25
2182,0.52,-5.08,8.32,-0.12,0.19,0.06,-7.38,62.56,9.5,0.0,3.13,31.25
2203,0.54,-5.08,8.34,0.12,-0.31,-0.12,-5.56,63.75,7.5,0.0,3.13,31.25
2224,0.54,-5.06,8.34,0.06,-0.31,0.0,-5.56,63.75,7.5,0.0,3.13,31.25
2243,0.53,-5.07,8.34,-0.25,-0.19,0.06,-7.75,63.75,8.69,0.0,3.13,31.25
2264,0.51,-5.05,8.3,0.0,0.19,0.0,-7.75,63.75,8.69,0.0,3.13,31.25
2283,0.53,-5.07,8.35,0.12,-0.31,0.06,-8.56,62.56,6.69,0.0,3.13,31.25
2304,0.55,-5.05,8.36,0.25,-0.12,0.0,-8.56,62.56,6.69,0.0,3.13,31.25
2324,0.54,-5.06,8.37,-0.12,-0.06,0.06,-8.56,62.56,6.69,0.0,3.13,31.25
2344,0.52,-5.05,8.31,-0.19,0.0,0.06,-7.38,64.06,8.69,0.0,3.13,31.25
2364,0.52,-5.07,8.34,0.0,0.0,0.06,-7.38,64.06,8.69,0.0,3.13,31.25
2383,0.53,-5.06,8.34,-0.06,0.19,0.0,-7.06,63.75,7.88,0.0,3.13,31.25
2404,0.54,-5.07,8.36,-0.06,0.19,-0.06,-7.06,63.75,7.88,0.0,3.13,31.25
2423,0.53,-5.06,8.35,-0.06,0.0,0.0,-7.06,63.75,7.88,0.0,3.13,31.25
2444,0.52,-5.06,8.33,-0.06,0.19,0.0,-6.69,63.38,8.25,0.0,3.13,31.25
2463,0.53,-5.06,8.34,0.06,0.0,0.06,-6.69,63.38,8.25,0.0,3.13,31.25
2482,0.51,-5.07,8.33,0.0,0.0,0.06,-6.69,63.38,8.25,0.0,3.13,31.25
2501,0.53,-5.06,8.3,0.06,-0.06,0.06,-7.38,62.56,7.5,0.0,3.13,31.25
2523,0.56,-5.06,8.35,-0.06,0.0,0.0,-7.38,62.56,7.5,0.0,3.13,31.25
2543,0.53,-5.05,8.31,-0.25,0.19,0.12,-6.69,61.5,7.88,0.0,3.13,31.25
2564,0.51,-5.07,8.31,-0.06,0.44,0.0,-6.69,61.5,7.88,0.0,3.13,31.25
2583,0.53,-5.08,8.38,-0.19,-0.19,0.0,-7.38,61.06,7.88,0.0,3.13,31.25
2604,0.52,-5.07,8.33,-0.06,0.06,0.0,-7.38,61.06,7.88,0.0,3.13,31.25
2624,0.52,-5.06,8.33,0.06,0.12,-0.06,-7.38,61.06,7.88,0.0,3.13,31.25
2644,0.53,-5.06,8.34,-0.12,-0.12,0.06,-8.88,62.56,7.5,0.0,3.13,31.25
2664,0.54,-5.08,8.32,0.0,-0.12,0.0,-8.88,62.56,7.5,0.0,3.13,31.25
2683,0.51,-5.06,8.34,0.0,0.19,0.06,-5.88,63.0,8.69,0.0,3.13,31.25
2704,0.53,-5.05,8.34,0.0,0.06,0.25,-5.88,63.0,8.69,0.0,3.13,31.25
2724,0.54,-5.06,8.35,0.12,0.0,0.06,-5.88,63.0,8.69,0.0,3.13,31.25
2744,0.51,-5.05,8.34,0.19,-0.25,0.12,-5.88,62.25,8.25,0.0,3.13,31.25
2764,0.53,-5.05,8.37,-0.19,0.19,-0.12,-5.88,62.25,8.25,0.0,3.13,31.25
2783,0.52,-5.06,8.35,-0.12,0.25,0.06,-5.88,62.25,8.25,0.0,3.13,31.25
2803,0.51,-5.07,8.34,0.0,0.12,0.0,-7.06,61.88,7.06,0.0,3.13,31.25
2824,0.53,-5.07,8.35,-0.12,0.06,0.0,-7.06,61.88,7.06,0.0,3.13,31.25
2844,0.52,-5.05,8.35,0.06,0.0,0.19,-7.38,63.38,9.5,0.0,3.13,31.25
2865,0.53,-5.05,8.32,0.0,0.0,0.06,-7.38,63.38,9.5,0.0,3.13,31.25
2883,0.53,-5.07,8.34,-0.06,0.0,-0.06,-7.38,63.38,9.5,0.0,3.13,31.25
2904,0.51,-5.07,8.33,0.12,-0.37,0.0,-5.88,62.56,7.5,0.0,3.13,31.25
2924,0.54,-5.06,8.37,0.06,-0.25,-0.19,-5.88,62.56,7.5,0.0,3.13,31.25
2945,0.54,-5.04,8.33,-0.06,0.25,-0.19,-7.06,61.88,8.25,0.0,3.13,31.25
2964,0.53,-5.07,8.3,-0.06,0.0,-0.06,-7.06,61.88,8.25,0.0,3.13,31.25
2983,0.52,-5.07,8.34,0.25,-0.06,-0.19,-7.06,63.75,7.5,0.0,3.13,31.25
3004,0.54,-5.05,8.33,0.12,-0.31,0.0,-7.06,63.75,7.5,0.0,3.13,31.25
3024,0.53,-5.07,8.34,-0.19,0.0,0.0,-7.06,63.75,7.5,0.0,3.13,31.25
3044,0.5,-5.07,8.33,-0.19,0.31,-0.12,-6.69,63.75,7.88,0.0,3.13,31.25
3064,0.52,-5.04,8.32,-0.06,0.0,-0.06,-6.69,63.75,7.88,0.0,3.13,31.25
3083,0.54,-5.07,8.37,-0.12,0.12,-0.19,-6.69,63.75,7.88,0.0,3.13,31.25
3104,0.51,-5.06,8.31,-0.25,0.25,0.12,-6.25,62.25,8.69,0.0,3.13,31.25
3124,0.53,-5.08,8.33,-0.06,0.12,0.06,-6.25,62.25,8.69,0.0,3.13,31.25
3143,0.52,-5.1,8.35,0.19,-0.37,0.0,-5.88,62.56,7.88,0.0,3.13,31.25
3164,0.52,-5.05,8.33,0.25,-0.25,-0.06,-5.88,62.56,7.88,0.0,3.13,31.25
3183,0.52,-5.06,8.36,0.12,0.06,-0.06,-7.06,60.75,7.5,0.0,3.13,31.25
3204,0.5,-5.07,8.36,-0.25,0.31,-0.12,-7.06,60.75,7.5,0.0,3.13,31.25
3224,0.52,-5.07,8.31,-0.37,0.12,0.0,-7.06,60.75,7.5,0.0,3.13,31.25
3245,0.52,-5.08,8.36,-0.06,-0.19,-0.12,-8.88,63.38,9.06,0.0,3.13,31.25
3265,0.53,-5.06,8.33,-0.19,-0.12,-0.06,-8.88,63.38,9.06,0.0,3.13,31.25
3283,0.52,-5.06,8.33,-0.12,-0.06,-0.19,-6.25,61.88,7.88,0.0,3.13,31.25
3304,0.53,-5.06,8.36,0.06,0.06,-0.12,-6.25,61.88,7.88,0.0,3.13,31.25
3324,0.54,-5.07,8.36,0.12,-0.19,-0.06,-6.25,61.88,7.88,0.0,3.13,31.25
3345,0.54,-5.05,8.33,0.0,-0.12,-0.06,-6.25,61.88,9.06,0.0,3.13,31.25
3364,0.53,-5.07,8.34,0.19,-0.06,0.0,-6.25,61.88,9.06,0.0,3.13,31.25
3383,0.51,-5.06,8.33,0.0,-0.19,-0.06,-6.25,61.88,9.06,0.0,3.13,31.25
3404,0.53,-5.05,8.3,0.44,-0.31,0.06,-7.38,63.0,7.88,0.0,3.13,31.25
3424,0.51,-5.05,8.37,0.31,-0.5,0.06,-7.38,63.0,7.88,0.0,3.13,31.25
3443,0.53,-5.03,8.32,0.06,0.0,-0.12,-8.88,61.5,8.25,0.0,3.13,31.25
3464,0.55,-5.07,8.33,0.25,-0.12,-0.06,-8.88,61.5,8.25,0.0,3.13,31.25
3482,0.53,-5.06,8.4,0.0,0.19,0.0,-8.88,61.5,8.25,0.0,3.13,31.25
3504,0.53,-5.05,8.36,-0.5,0.44,0.06,-7.06,62.56,7.06,0.0,3.13,31.25
3524,0.54,-5.07,8.35,-0.63,0.37,0.12,-7.06,62.56,7.06,0.0,3.13,31.25
3545,0.54,-5.07,8.32,-0.56,0.37,0.0,-7.06,61.06,9.88,0.0,3.13,31.25
3565,0.53,-5.03,8.36,-0.69,0.56,-0.06,-7.06,61.06,9.88,0.0,3.13,31.25
3584,0.56,-5.21,8.3,-1.12,0.69,-0.12,-6.25,63.0,9.5,0.0,3.13,31.31
3604,0.44,-5.1,8.16,-0.63,0.88,0.12,-6.25,63.0,9.5,0.0,3.13,31.31
3624,0.52,-5.03,8.38,2.31,-2.19,-0.25,-6.25,63.0,9.5,0.0,3.13,31.31
3643,0.54,-5.08,8.3,2.38,-2.88,-0.25,-6.69,61.88,9.06,0.0,3.13,31.25
3663,0.57,-5.04,8.33,2.25,-2.13,0.0,-6.69,61.88,9.06,359.94,3.19,31.19
3681,0.54,-5.02,8.39,1.69,-1.12,0.06,-6.69,61.88,9.06,359.94,3.19,31.19
3699,0.51,-5.02,8.4,1.5,-1.44,0.06,-3.69,38.5,5.56,359.94,3.25,31.12
3716,0.59,-5.01,8.38,1.5,-1.44,-0.06,-3.69,38.5,5.56,359.94,3.25,31.12
3735,0.58,-5.02,8.45,0.25,-0.31,0.0,-3.69,38.0,4.69,359.94,3.25,31.12
3755,0.57,-5.01,8.38,-1.06,1.06,0.0,-3.69,38.0,4.69,359.94,3.25,31.12
3775,0.53,-5.01,8.34,-0.94,0.69,0.12,-3.69,38.0,4.69,359.94,3.25,31.12
3794,0.53,-5.03,8.35,-0.5,0.25,0.0,-3.69,38.38,4.69,359.94,3.25,31.12
3815,0.58,-5.05,8.36,-0.44,0.31,0.06,-3.69,38.38,4.69,359.94,3.25,31.12
3834,0.55,-5.06,8.35,-0.81,0.69,-0.06,-4.75,38.75,4.25,359.94,3.25,31.12
3854,0.53,-5.07,8.33,-1.06,1.0,0.0,-4.75,38.75,4.25,359.94,3.19,31.12
3874,0.52,-5.07,8.35,-0.75,0.94,0.06,-4.75,38.75,4.25,359.94,3.19,31.19
3894,0.52,-5.03,8.3,-0.63,0.69,0.0,-4.06,38.0,3.88,359.94,3.19,31.19
3914,0.52,-5.07,8.3,0.06,-0.06,-0.19,-4.06,38.0,3.88,359.94,3.19,31.19
3933,0.55,-5.07,8.38,0.31,-0.44,-0.06,-4.06,38.0,3.88,359.94,3.19,31.19
3953,0.56,-5.04,8.38,0.37,-0.31,-0.19,-4.06,37.69,4.25,359.94,3.19,31.19
3974,0.53,-5.06,8.3,0.25,-0.37,0.0,-4.06,37.69,4.25,359.94,3.19,31.19
3994,0.55,-5.05,8.37,0.81,-0.44,0.0,-4.5,38.75,3.88,359.94,3.19,31.19
4015,0.55,-5.02,8.36,1.0,-1.06,-0.12,-4.5,38.75,3.88,359.94,3.19,31.12
4034,0.54,-5.0,8.39,0.75,-0.69,-0.06,-4.5,38.38,4.25,359.94,3.19,31.12
4055,0.57,-5.05,8.39,-0.25,0.31,0.12,-4.5,38.38,4.25,359.94,3.25,31.12
4075,0.53,-5.04,8.36,-0.5,0.56,0.12,-4.5,38.38,4.25,359.94,3.25,31.12
4096,0.53,-5.05,8.31,-0.25,0.12,0.06,-4.75,36.88,5.06,359.94,3.25,31.12
4115,0.54,-5.07,8.32,-0.19,-0.12,0.12,-4.75,36.88,5.06,359.94,3.25,31.12
4133,0.54,-5.06,8.33,-0.19,0.06,0.06,-4.75,36.88,5.06,359.94,3.25,31.12
4154,0.56,-5.06,8.31,-0.25,0.19,0.06,-4.75,36.5,3.88,359.94,3.25,31.12
4174,0.53,-5.08,8.35,0.06,0.12,-0.06,-4.75,36.5,3.88,359.94,3.25,31.12
4194,0.54,-5.04,8.33,0.5,-0.44,-0.12,-6.0,38.38,5.06,359.94,3.25,31.12
4214,0.56,-5.05,8.34,0.88,-1.06,0.0,-6.0,38.38,5.06,359.94,3.25,31.12
4232,0.57,-5.02,8.37,0.5,-0.31,0.12,-6.0,38.38,5.06,359.94,3.25,31.12
4249,0.56,-4.99,8.38,-4.13,3.5,0.69,-5.19,39.19,4.69,359.94,3.19,31.19
4268,0.57,-5.07,7.82,-5.63,6.19,0.44,-5.19,39.19,4.69,0.0,3.06,31.25
4285,1.09,-4.96,8.98,-3.88,4.94,1.56,-3.19,39.0,5.19,0.0,3.06,31.31
4304,0.21,-5.07,8.69,-4.31,5.13,2.25,-3.19,39.0,5.19,0.0,2.94,31.37
4325,0.15,-5.24,8.12,-4.13,4.94,1.31,-3.19,39.0,5.19,0.0,2.88,31.44
4342,0.4,-5.09,8.06,-1.12,1.56,-0.88,-3.19,38.0,6.0,0.0,2.81,31.5
4359,0.52,-5.12,8.37,3.56,-4.63,-0.12,-3.19,38.0,6.0,0.0,2.88,31.44
4377,0.67,-5.08,8.53,4.44,-5.5,-0.69,-3.19,38.0,6.0,0.0,3.0,31.37
4396,0.48,-5.05,8.06,0.88,-1.37,-0.19,-3.69,36.88,5.19,359.94,3.0,31.31
4415,0.54,-5.09,8.15,-0.56,1.5,0.0,-3.69,36.88,5.19,359.94,3.0,31.31
4433,0.43,-5.1,8.37,0.88,0.75,0.0,-3.69,36.88,5.19,0.0,3.0,31.31
4451,0.46,-5.08,8.3,2.19,-2.75,-0.31,-5.56,37.69,5.19,359.94,3.0,31.31
4468,0.62,-5.03,8.34,3.25,-4.0,-0.44,-5.56,37.69,5.19,359.94,3.06,31.25
4485,0.64,-5.02,8.38,3.31,-3.63,-0.44,-4.38,38.5,5.19,359.94,3.13,31.19
4505,0.57,-5.03,8.5,0.75,-0.44,0.0,-4.38,38.5,5.19,359.94,3.13,31.12
4525,0.54,-5.02,8.33,-0.5,0.5,0.0,-4.38,38.5,5.19,359.94,3.13,31.12
4545,0.5,-5.04,8.32,-0.19,0.25,0.12,-3.56,38.0,4.75,359.94,3.13,31.12
4566,0.53,-5.07,8.34,0.12,-0.12,0.0,-3.56,38.0,4.75,359.94,3.13,31.12
4584,0.54,-5.05,8.35,0.12,-0.12,0.0,-4.69,37.25,4.38,359.94,3.13,31.12
4604,0.51,-5.05,8.37,0.06,0.19,0.06,-4.69,37.25,4.38,359.94,3.13,31.12
4625,0.52,-5.04,8.4,0.0,0.12,-0.12,-4.69,37.25,4.38,359.94,3.13,31.12
4645,0.52,-5.06,8.3,0.06,-0.37,0.19,-4.38,37.25,5.56,359.94,3.13,31.12
4665,0.54,-5.05,8.38,-0.06,0.06,-0.06,-4.38,37.25,5.56,359.94,3.13,31.12
4684,0.5,-5.07,8.35,-0.12,0.19,-0.06,-4.38,37.25,5.56,359.94,3.13,31.12
4704,0.55,-5.04,8.3,-0.06,0.12,-0.06,-4.38,37.25,5.56,359.94,3.13,31.12
4724,0.56,-5.07,8.33,0.31,-0.31,-0.06,-4.38,37.25,5.56,359.94,3.13,31.12
4745,0.55,-5.06,8.35,0.31,-0.19,0.0,-4.38,37.25,4.38,359.94,3.13,31.12
4764,0.56,-5.04,8.34,0.31,-0.25,0.0,-4.38,37.25,4.38,359.94,3.13,31.12
4784,0.54,-5.05,8.35,0.5,-0.5,0.0,-4.38,37.25,4.38,359.94,3.13,31.12
4804,0.52,-5.04,8.36,0.37,-0.63,0.06,-4.38,38.38,4.75,359.94,3.13,31.12
4825,0.55,-5.02,8.35,0.06,0.0,0.06,-4.38,38.38,4.75,359.94,3.13,31.12
4845,0.49,-5.01,8.4,-0.37,0.5,0.12,-3.56,38.0,4.0,359.94,3.13,31.12
4866,0.52,-5.02,8.34,-0.37,0.37,0.06,-3.56,38.0,4.0,359.94,3.13,31.12
4885,0.52,-5.04,8.32,-0.31,-0.06,0.0,-4.69,36.88,5.19,359.94,3.13,31.12
4905,0.55,-5.04,8.33,-0.44,0.06,-0.06,-4.69,36.88,5.19,359.94,3.13,31.12
4926,0.54,-5.07,8.34,-0.37,0.25,0.12,-4.69,36.88,5.19,359.94,3.13,31.12
4945,0.53,-5.07,8.29,0.12,-0.06,0.0,-5.5,36.88,5.19,359.94,3.13,31.12
4964,0.54,-5.06,8.33,0.37,-0.31,-0.06,-5.5,36.88,5.19,359.94,3.13,31.12
4983,0.57,-5.05,8.36,0.56,-0.56,-0.12,-5.5,36.88,5.19,359.94,3.13,31.12
5003,0.57,-5.04,8.32,0.37,-0.63,-0.06,-5.06,37.25,4.38,359.94,3.19,31.12
5023,0.57,-5.03,8.38,-0.12,0.06,0.06,-5.06,37.25,4.38,359.94,3.19,31.12
5043,0.52,-5.04,8.34,-0.25,0.25,0.0,-4.38,38.0,4.75,359.94,3.19,31.12
5064,0.54,-5.04,8.3,0.12,-0.19,-0.06,-4.38,38.0,4.75,359.94,3.19,31.12
5082,0.56,-5.04,8.37,-0.12,0.25,0.0,-4.38,38.0,4.75,359.94,3.19,31.12
5102,0.53,-5.04,8.36,-0.31,0.25,0.19,-4.0,36.88,4.38,359.94,3.19,31.12
5121,0.5,-5.05,8.34,-0.12,0.31,0.06,-4.0,36.88,4.38,359.94,3.19,31.12
5139,0.5,-5.07,8.32,0.0,0.19,0.06,-3.56,38.75,4.75,359.94,3.19,31.12
5157,0.54,-5.06,8.34,0.06,-0.25,0.12,-3.56,38.75,4.75,359.94,3.13,31.12
5176,0.54,-5.05,8.36,-0.19,0.25,0.06,-3.56,38.75,4.75,359.94,3.13,31.12
5195,0.55,-5.03,8.33,-0.19,0.37,-0.06,-3.19,38.38,5.56,359.94,3.13,31.12
5215,0.51,-5.05,8.32,0.12,0.0,0.06,-3.19,38.38,5.56,359.94,3.13,31.12
5234,0.52,-5.08,8.35,0.12,0.0,0.06,-4.38,38.38,3.56,359.94,3.13,31.12
5254,0.55,-5.04,8.34,0.25,-0.19,-0.06,-4.38,38.38,3.56,359.94,3.13,31.12
5275,0.56,-5.04,8.35,0.25,-0.12,0.0,-4.38,38.38,3.56,359.94,3.13,31.12
5295,0.56,-5.06,8.35,-0.06,-0.06,0.12,-4.38,38.38,5.56,359.94,3.13,31.12
5315,0.55,-5.07,8.32,0.0,0.12,0.06,-4.38,38.38,5.56,359.94,3.13,31.12
5335,0.53,-5.07,8.37,0.0,0.0,0.0,-4.38,36.88,4.0,359.94,3.19,31.12
5354,0.53,-5.04,8.31,0.19,0.0,-0.06,-4.38,36.88,4.0,359.94,3.19,31.12
5374,0.54,-5.06,8.37,0.12,-0.12,0.06,-4.38,36.88,4.0,359.94,3.13,31.12
5395,0.53,-5.05,8.34,0.0,0.19,0.0,-4.38,36.5,5.19,359.94,3.13,31.12
5415,0.52,-5.05,8.33,-0.12,-0.19,0.0,-4.38,36.5,5.19,359.94,3.13,31.12
5434,0.53,-5.05,8.34,-0.12,0.06,-0.12,-4.38,36.5,5.19,359.94,3.13,31.12
5454,0.55,-5.05,8.38,-0.12,0.0,0.0,-6.19,37.25,4.0,359.94,3.13,31.12
5475,0.55,-5.06,8.32,0.12,-0.06,-0.06,-6.19,37.25,4.0,359.94,3.13,31.12
5495,1.34,-5.24,11.24,-9.38,7.94,0.94,-4.0,36.06,5.19,359.94,3.13,31.12
5515,0.32,-5.37,7.99,-15.94,11.44,1.0,-4.0,36.06,5.19,359.94,3.0,31.37
5533,0.37,-5.0,8.0,-15.88,17.37,0.94,-4.0,36.06,5.19,0.06,2.69,31.69
5554,0.42,-5.14,8.47,-12.88,14.69,0.94,-3.56,38.75,4.0,0.12,2.44,31.94
5575,0.13,-5.16,7.86,-9.38,8.44,0.75,-3.56,38.75,4.0,0.12,2.25,32.19
5595,0.32,-5.19,7.74,-0.69,-0.06,-0.37,-4.38,38.0,4.88,0.19,2.19,32.25
5615,0.34,-5.24,8.23,7.44,-7.44,-0.37,-4.38,38.0,4.88,0.12,2.31,32.13
5634,0.35,-5.12,8.02,8.5,-8.31,-0.56,-4.38,38.0,4.88,0.06,2.44,32.0
5654,0.35,-5.08,8.08,12.44,-11.56,-0.81,-4.38,37.56,4.5,0.06,2.63,31.75
5675,0.58,-5.25,9.06,13.25,-13.44,-0.94,-4.38,37.56,4.5,0.0,2.88,31.5
5693,0.72,-5.01,8.49,5.38,-7.81,-0.56,-4.75,37.88,5.75,359.94,3.0,31.37
5714,0.68,-4.98,8.36,-0.75,1.06,0.12,-4.75,37.88,5.75,359.94,3.0,31.37
5733,0.45,-5.08,8.44,-3.13,5.06,0.5,-4.75,37.88,5.75,359.94,2.94,31.37
5753,0.33,-5.13,8.29,-2.31,2.38,0.06,-4.5,37.19,5.0,0.0,2.88,31.44
5771,0.46,-5.08,8.16,1.19,-2.31,-0.19,-4.5,37.19,5.0,359.94,2.94,31.44
5789,0.57,-5.11,8.44,2.13,-2.5,-0.06,-4.75,36.0,6.56,359.94,2.94,31.37
5807,0.56,-5.06,8.41,-0.56,0.75,0.06,-4.75,36.0,6.56,359.94,3.0,31.37
5826,0.52,-5.04,8.34,-1.5,2.06,0.12,-4.75,36.0,6.56,359.94,2.94,31.37
5844,0.43,-5.08,8.26,-0.75,1.31,-0.06,-4.06,34.88,5.25,359.94,2.94,31.44
5865,0.51,-5.12,8.35,0.81,-1.06,-0.06,-4.06,34.88,5.25,359.94,2.94,31.44
5884,0.55,-5.06,8.3,0.75,-1.0,-0.12,-5.19,37.19,5.69,359.94,2.94,31.37
5905,0.53,-5.08,8.35,0.44,-0.06,0.06,-5.19,37.19,5.69,359.94,2.94,31.37
5925,0.52,-5.07,8.36,-0.12,0.31,0.0,-5.19,37.19,5.69,359.94,2.94,31.37
5945,0.47,-5.04,8.32,0.12,-0.12,0.06,-4.06,37.88,5.69,359.94,2.94,31.37
5965,0.5,-5.07,8.33,0.19,-0.37,0.0,-4.06,37.88,5.69,359.94,2.94,31.37
5984,0.52,-5.07,8.38,0.06,0.12,0.0,-4.06,37.88,5.69,359.94,2.94,31.37
6004,0.48,-5.09,8.3,-0.69,0.69,0.06,-4.75,37.88,4.88,359.94,2.94,31.44
6025,0.47,-5.05,8.34,-0.25,0.12,0.06,-4.75,37.88,4.88,359.94,2.94,31.44
6045,0.51,-5.1,8.35,0.12,-0.12,-0.12,-5.19,36.0,5.69,359.94,2.94,31.44
6065,0.49,-5.09,8.32,-0.12,0.0,-0.06,-5.19,36.0,5.69,359.94,2.94,31.44
6084,0.49,-5.08,8.34,-0.25,0.37,0.0,-4.06,37.88,4.5,359.94,2.94,31.44
6105,0.49,-5.09,8.32,0.0,-0.06,0.0,-4.06,37.88,4.5,359.94,2.94,31.44
6125,0.52,-5.08,8.33,0.31,-0.63,-0.12,-4.06,37.88,4.5,359.94,2.94,31.44
6146,0.52,-5.07,8.34,0.31,-0.06,-0.06,-4.75,37.5,5.25,359.94,2.94,31.44
6166,0.52,-5.06,8.35,0.0,0.0,0.06,-4.75,37.5,5.25,359.94,2.94,31.44
6184,0.51,-5.07,8.32,0.06,0.0,0.06,-5.19,37.5,5.25,359.94,2.94,31.44
6205,0.52,-5.07,8.33,0.06,-0.19,0.06,-5.19,37.5,5.25,359.94,2.94,31.44
6225,0.5,-5.07,8.35,-0.12,0.06,-0.06,-5.19,37.5,5.25,359.94,2.94,31.44
6246,0.5,-5.07,8.36,-0.25,0.12,0.06,-4.75,37.88,4.88,359.94,2.94,31.44
6265,0.5,-5.09,8.29,-0.12,0.25,0.0,-4.75,37.88,4.88,359.94,2.94,31.44
6284,0.5,-5.09,8.33,-0.06,0.06,0.0,-4.75,37.88,4.88,359.94,2.94,31.44
6304,0.5,-5.08,8.35,-0.06,0.19,-0.12,-4.5,36.75,4.06,359.94,2.94,31.44
6325,0.5,-5.09,8.32,-0.06,0.06,0.06,-4.5,36.75,4.06,359.94,2.94,31.44
6345,0.5,-5.09,8.32,-0.12,0.12,-0.06,-3.25,36.75,4.88,359.94,2.94,31.44
6365,0.5,-5.1,8.28,0.12,-0.31,0.06,-3.25,36.75,4.88,359.94,2.94,31.44
6384,0.49,-5.07,8.35,0.19,-0.19,0.0,-3.25,36.75,4.88,359.94,2.94,31.44
6405,0.52,-5.08,8.36,0.19,-0.19,-0.12,-3.69,36.0,4.5,359.94,2.94,31.44
6425,0.51,-5.08,8.33,-0.06,0.12,-0.12,-3.69,36.0,4.5,359.94,2.94,31.44
6446,0.49,-5.09,8.32,-0.25,0.12,-0.06,-5.56,37.88,4.06,359.94,2.94,31.44
6466,0.49,-5.06,8.35,-0.06,-0.19,0.06,-5.56,37.88,4.06,359.94,2.94,31.44
6486,0.51,-5.08,8.36,0.0,-0.12,0.0,-4.06,37.19,4.5,359.94,2.94,31.44
6506,0.5,-5.1,8.33,-0.12,0.44,0.12,-4.06,37.19,4.5,359.94,2.94,31.44
6526,0.49,-5.08,8.32,-0.12,0.25,0.0,-4.06,37.19,4.5,359.94,2.94,31.44
6546,0.5,-5.09,8.34,0.06,0.06,0.0,-4.5,38.25,5.25,359.94,2.94,31.44
6566,0.51,-5.1,8.3,0.0,-0.06,0.06,-4.5,38.25,5.25,359.94,2.94,31.44
6583,1.03,-5.51,10.79,0.0,0.12,0.0,-4.5,38.25,5.25,359.94,2.94,31.44
6602,-0.21,-5.43,4.96,-19.12,15.75,1.0,-3.69,38.25,4.88,0.0,2.75,31.62
6619,0.39,-4.88,8.34,-8.06,12.69,0.44,-3.69,38.25,4.88,0.06,2.56,31.87
6637,0.22,-5.19,8.4,-6.69,7.38,1.06,-5.19,37.5,6.88,0.12,2.5,31.94
6657,0.14,-5.25,8.11,-4.19,2.38,-0.19,-5.19,37.5,6.88,0.12,2.38,32.06
6676,0.35,-5.11,7.76,0.63,-1.5,-0.44,-5.19,37.5,6.88,0.12,2.38,32.13
6694,0.4,-5.18,8.11,3.31,-2.88,-0.12,-3.69,37.56,6.5,0.12,2.38,32.06
6715,0.34,-5.18,8.33,5.69,-4.38,-0.31,-3.69,37.56,6.5,0.12,2.44,32.0
6733,0.38,-5.13,8.08,7.63,-7.44,-0.5,-3.69,37.56,6.5,0.06,2.56,31.87
6750,0.5,-5.17,8.44,10.88,-10.81,-0.56,-5.06,36.88,6.0,0.0,2.75,31.62
6768,0.63,-5.15,8.99,9.25,-9.75,-0.5,-5.06,36.88,6.0,359.94,2.88,31.44
6787,0.72,-5.05,8.65,1.37,-2.5,-0.12,-3.56,37.56,5.25,359.94,2.94,31.44
6806,0.58,-5.0,8.27,-2.5,3.44,0.31,-3.56,37.56,5.25,359.94,2.94,31.44
6827,0.43,-5.1,8.34,-2.06,3.19,0.37,-3.56,37.56,5.25,359.94,2.88,31.44
6845,0.38,-5.16,8.36,-1.19,1.56,0.25,-5.5,36.88,6.06,359.94,2.88,31.5
6865,0.5,-5.08,8.18,0.69,-1.75,0.06,-5.5,36.88,6.06,359.94,2.88,31.5
6885,0.56,-5.12,8.37,1.37,-1.56,0.06,-4.0,37.56,6.0,359.94,2.88,31.44
6905,0.52,-5.08,8.38,-0.63,0.94,0.19,-4.0,37.56,6.0,359.94,2.88,31.44
6926,0.44,-5.08,8.23,-1.19,1.63,0.06,-4.0,37.56,6.0,359.94,2.88,31.5
6945,0.46,-5.1,8.31,0.37,-0.44,0.0,-4.69,38.0,5.56,359.94,2.88,31.5
6965,0.53,-5.09,8.35,0.69,-1.0,-0.12,-4.69,38.0,5.56,359.94,2.88,31.44
6984,0.49,-5.08,8.34,0.0,0.06,0.06,-4.69,38.0,5.56,359.94,2.88,31.44
7004,0.47,-5.07,8.37,-0.19,0.37,0.0,-4.0,38.75,5.19,359.94,2.88,31.44
7025,0.48,-5.09,8.3,0.06,-0.12,-0.06,-4.0,38.75,5.19,359.94,2.88,31.44
7046,0.51,-5.08,8.36,0.56,-1.06,0.0,-4.38,38.38,5.56,359.94,2.88,31.44
7066,0.52,-5.06,8.35,0.0,0.12,0.06,-4.38,38.38,5.56,359.94,2.88,31.44
7085,0.48,-5.07,8.35,-0.31,0.63,0.0,-5.5,39.06,4.75,359.94,2.88,31.44
7105,0.47,-5.08,8.32,-0.25,-0.06,0.12,-5.5,39.06,4.75,359.94,2.88,31.44
7126,0.49,-5.08,8.32,0.19,0.0,0.0,-5.5,39.06,4.75,359.94,2.88,31.44
7146,0.49,-5.11,8.32,-0.25,0.0,0.12,-3.56,37.25,4.0,359.94,2.88,31.44
7166,0.49,-5.07,8.34,-0.12,0.31,-0.12,-3.56,37.25,4.0,359.94,2.88,31.44
7185,0.47,-5.07,8.32,-0.12,0.06,0.0,-6.19,38.0,4.38,359.94,2.88,31.44
7205,0.5,-5.1,8.31,0.12,-0.06,0.06,-6.19,38.0,4.38,359.94,2.88,31.44
7226,0.49,-5.11,8.31,0.19,0.19,-0.12,-6.19,38.0,4.38,359.94,2.88,31.44
7245,0.55,-5.09,8.35,0.12,-0.12,0.0,-4.38,37.56,4.75,359.94,2.88,31.44
7265,0.39,-5.08,8.33,0.0,0.25,0.12,-4.38,37.56,4.75,359.94,2.88,31.44
7284,0.51,-5.09,8.26,-0.06,0.0,-0.06,-4.38,37.56,4.75,359.94,2.88,31.44
7305,0.56,-5.08,8.42,0.56,-0.19,-0.06,-4.0,38.0,4.38,359.94,2.88,31.44
7325,0.43,-5.07,8.3,-0.5,0.37,0.06,-4.0,38.0,4.38,359.94,2.88,31.44
7345,0.52,-5.09,8.31,0.12,0.06,0.0,-5.06,38.0,4.38,359.94,2.88,31.44
7365,0.49,-5.08,8.38,0.56,-0.56,-0.06,-5.06,38.0,4.38,359.94,2.88,31.44
7385,0.5,-5.09,8.29,0.0,-0.19,0.06,-5.06,38.0,4.38,359.94,2.88,31.44
7405,0.52,-5.07,8.4,0.12,0.31,-0.06,-6.19,39.06,4.75,359.94,2.88,31.44
7426,0.49,-5.1,8.32,-0.31,0.69,0.06,-6.19,39.06,4.75,359.94,2.88,31.44
7446,0.5,-5.07,8.33,-0.25,0.19,-0.12,-2.88,38.38,5.19,359.94,2.88,31.44
7467,0.49,-5.1,8.35,-0.25,0.19,0.12,-2.88,38.38,5.19,359.94,2.88,31.44
7486,0.5,-5.1,8.32,-0.19,0.12,0.12,-3.56,38.0,3.56,359.94,2.88,31.44
7506,0.47,-5.1,8.3,-0.06,0.25,0.06,-3.56,38.0,3.56,359.94,2.88,31.44
7526,1.94,-5.35,13.9,-1.44,0.69,0.19,-3.56,38.0,3.56,359.94,2.88,31.5
7544,0.38,-4.95,6.95,-21.44,15.44,0.5,-4.0,36.5,6.0,0.0,2.63,31.81
7565,0.14,-5.05,8.01,-4.94,11.31,-0.12,-4.0,36.5,6.0,0.06,2.44,32.0
7583,0.12,-5.34,8.2,-2.13,3.0,0.88,-4.0,36.5,6.0,0.12,2.38,32.06
7603,0.47,-5.14,7.86,1.19,-4.13,-0.69,-5.06,38.38,5.56,0.06,2.38,32.06
7621,0.54,-5.13,8.17,5.38,-5.75,-0.31,-5.06,38.38,5.56,0.06,2.5,31.94
7640,0.42,-5.16,8.39,5.69,-3.94,-0.12,-3.19,37.56,5.19,0.0,2.56,31.81
7658,0.43,-5.12,8.27,4.88,-4.31,-0.31,-3.19,37.56,5.19,0.0,2.56,31.81
7676,0.37,-5.1,8.26,6.56,-6.75,-0.31,-3.19,37.56,5.19,0.0,2.69,31.69
7695,0.53,-5.08,8.7,6.81,-7.25,-0.25,-3.25,37.19,5.88,359.94,2.81,31.56
7715,0.61,-5.09,8.48,3.0,-3.88,-0.19,-3.25,37.19,5.88,359.94,2.88,31.5
7733,0.51,-5.04,8.32,-0.75,1.31,0.12,-3.25,37.19,5.88,359.94,2.88,31.5
7750,0.42,-5.11,8.29,-1.63,2.5,0.25,-4.5,36.5,5.06,359.94,2.81,31.5
7769,0.45,-5.1,8.31,-0.25,0.25,0.12,-4.5,36.5,5.06,359.94,2.81,31.5
7787,0.47,-5.1,8.25,0.94,-1.94,-0.12,-4.06,38.38,5.06,359.94,2.81,31.5
7806,0.57,-5.12,8.38,0.81,-0.5,-0.06,-4.06,38.38,5.06,359.94,2.88,31.5
7827,0.5,-5.09,8.33,-0.94,1.37,0.12,-4.06,38.38,5.06,359.94,2.88,31.5
7846,0.45,-5.12,8.28,-0.31,0.5,0.0,-5.19,37.25,5.06,359.94,2.81,31.5
7867,0.46,-5.12,8.3,0.56,-0.5,0.06,-5.19,37.25,5.06,359.94,2.81,31.5
7885,0.53,-5.05,8.32,0.25,-0.56,-0.12,-4.5,37.25,3.88,359.94,2.81,31.5
7906,0.5,-5.12,8.33,0.19,-0.19,0.0,-4.5,37.25,3.88,359.94,2.81,31.5
7926,0.48,-5.09,8.35,-0.12,0.56,-0.06,-4.5,37.25,3.88,359.94,2.81,31.5
7946,0.48,-5.08,8.31,-0.19,0.0,-0.06,-4.06,38.38,4.25,359.94,2.81,31.5
7966,0.49,-5.11,8.31,0.12,0.0,0.06,-4.06,38.38,4.25,359.94,2.81,31.5
7985,0.49,-5.08,8.34,0.06,0.0,-0.06,-4.06,38.38,4.25,359.94,2.81,31.5
8005,0.45,-5.07,8.3,-0.31,0.12,0.12,-6.25,36.88,3.88,359.94,2.81,31.5
8026,0.5,-5.14,8.33,0.12,0.19,0.12,-6.25,36.88,3.88,359.94,2.81,31.5
8046,0.47,-5.1,8.3,-0.25,0.12,-0.06,-4.5,37.25,5.06,359.94,2.81,31.5
8067,0.48,-5.09,8.28,0.19,0.0,0.0,-4.5,37.25,5.06,359.94,2.81,31.5
8085,0.49,-5.1,8.36,0.06,-0.06,-0.06,-4.06,38.75,4.69,359.94,2.81,31.5
8105,0.46,-5.08,8.31,-0.06,-0.06,0.06,-4.06,38.75,4.69,359.94,2.81,31.5
8126,0.5,-5.12,8.33,0.06,-0.06,-0.06,-4.06,38.75,4.69,359.94,2.81,31.5
8146,0.46,-5.1,8.38,0.0,0.25,0.0,-4.5,38.38,4.69,359.94,2.81,31.5
8167,0.46,-5.06,8.3,0.25,-0.31,0.19,-4.5,38.38,4.69,359.94,2.81,31.5
8186,0.48,-5.07,8.37,0.37,-0.44,-0.06,-4.75,38.38,5.06,359.94,2.81,31.5
8206,0.52,-5.09,8.34,0.25,-0.44,0.12,-4.75,38.38,5.06,359.94,2.81,31.5
8226,0.51,-5.11,8.3,-0.37,0.56,0.06,-4.75,38.38,5.06,359.94,2.81,31.5
8246,0.47,-5.08,8.35,-0.19,0.31,-0.06,-5.56,36.06,4.69,359.94,2.81,31.5
8266,0.47,-5.07,8.3,-0.06,0.25,0.0,-5.56,36.06,4.69,359.94,2.81,31.5
8285,0.52,-5.1,8.33,0.0,0.06,0.06,-5.56,36.06,4.69,359.94,2.81,31.5
8306,0.49,-5.1,8.36,0.31,-0.12,0.06,-4.75,38.0,3.88,359.94,2.81,31.5
8326,0.45,-5.1,8.31,0.0,0.19,-0.12,-4.75,38.0,3.88,359.94,2.81,31.5
8346,0.49,-5.07,8.3,-0.25,0.44,0.06,-5.19,38.38,4.25,359.94,2.81,31.5
8367,0.46,-5.1,8.31,0.19,-0.31,0.0,-5.19,38.38,4.25,359.94,2.81,31.5
8386,0.46,-5.09,8.31,0.25,-0.19,-0.06,-5.56,36.88,5.06,359.94,2.81,31.5
8407,0.52,-5.07,8.31,0.0,0.06,0.06,-5.56,36.88,5.06,359.94,2.81,31.5
8427,0.44,-5.07,8.3,-0.25,0.31,-0.06,-5.56,36.88,5.06,359.94,2.81,31.5
8446,0.5,-5.08,8.3,0.12,-0.25,-0.12,-4.5,37.25,5.5,359.94,2.81,31.5
8467,0.53,-5.1,8.32,0.19,-0.31,-0.06,-4.5,37.25,5.5,359.94,2.81,31.5
8486,0.5,-5.1,8.36,-0.25,0.56,0.06,-6.0,37.56,3.88,359.94,2.81,31.5
8507,0.46,-5.13,8.28,0.0,0.12,-0.06,-6.0,37.56,3.88,359.94,2.81,31.5
8526,1.51,-5.29,12.4,-15.19,12.25,1.12,-6.0,37.56,3.88,359.94,2.81,31.56
8544,0.0,-5.33,6.52,-14.81,11.31,0.37,-4.75,38.0,5.5,0.0,2.63,31.81
8563,0.17,-5.1,8.04,-4.06,8.44,0.19,-4.75,38.0,5.5,0.06,2.44,31.94
8581,0.32,-5.35,8.58,-1.37,1.81,0.31,-4.75,38.0,5.5,0.06,2.38,31.94
8598,0.39,-5.13,8.02,1.19,-3.88,-0.5,-4.5,37.56,6.69,0.06,2.44,31.94
8617,0.5,-5.14,8.1,4.44,-4.13,-0.19,-4.5,37.56,6.69,0.06,2.5,31.94
8636,0.46,-5.16,8.3,5.0,-3.63,-0.12,-4.69,37.56,5.06,0.0,2.56,31.81
8656,0.43,-5.15,8.49,4.19,-4.13,-0.31,-4.69,37.56,5.06,0.0,2.63,31.75
8676,0.39,-5.11,8.14,5.0,-5.0,-0.31,-4.69,37.56,5.06,359.94,2.69,31.69
8694,0.52,-5.12,8.77,6.63,-6.38,-0.44,-4.5,38.0,4.69,359.94,2.81,31.56
8713,0.7,-5.1,8.67,1.88,-2.75,-0.19,-4.5,38.0,4.69,359.88,2.88,31.5
8731,0.52,-5.05,8.26,-1.56,1.5,0.06,-4.5,38.0,4.69,359.94,2.81,31.5
8749,0.44,-5.08,8.27,-1.5,2.44,0.19,-4.5,37.25,5.06,359.94,2.81,31.5
8768,0.43,-5.12,8.34,-0.25,0.0,0.12,-4.5,37.25,5.06,359.94,2.81,31.5
8786,0.47,-5.11,8.25,0.25,-1.06,0.0,-4.5,38.0,5.88,359.94,2.81,31.5
8807,0.55,-5.1,8.31,0.75,-0.37,0.06,-4.5,38.0,5.88,359.94,2.81,31.5
8826,0.54,-5.06,8.41,-0.25,0.63,0.0,-4.5,38.0,5.88,359.94,2.81,31.5
8846,0.45,-5.09,8.27,-0.88,1.12,0.12,-4.75,38.0,5.5,359.94,2.81,31.5
8866,0.49,-5.1,8.33,0.5,-0.25,-0.19,-4.75,38.0,5.5,359.94,2.81,31.5
8885,0.54,-5.12,8.36,0.81,-1.06,-0.06,-4.75,38.0,5.5,359.94,2.81,31.5
8906,0.51,-5.07,8.31,0.06,0.06,-0.06,-6.0,38.38,3.5,359.94,2.81,31.5
8926,0.5,-5.06,8.32,0.0,0.19,0.12,-6.0,38.38,3.5,359.94,2.81,31.5
8946,0.5,-5.08,8.31,-0.06,-0.19,-0.12,-4.06,37.25,4.69,359.94,2.81,31.5
8966,0.49,-5.09,8.3,-0.06,-0.25,0.0,-4.06,37.25,4.69,359.94,2.81,31.5
8985,0.49,-5.07,8.32,-0.19,0.31,0.12,-4.06,37.25,4.69,359.94,2.81,31.5
9006,0.5,-5.09,8.27,-0.37,0.44,0.06,-3.69,38.38,4.69,359.94,2.81,31.5
9026,0.46,-5.09,8.3,0.0,0.06,0.0,-3.69,38.38,4.69,359.94,2.81,31.5
9047,0.5,-5.1,8.33,0.06,-0.19,-0.19,-4.5,35.75,5.06,359.94,2.81,31.5
9067,0.47,-5.09,8.33,0.12,0.06,0.0,-4.5,35.75,5.06,359.94,2.81,31.5
9085,0.5,-5.11,8.33,0.0,0.12,0.06,-4.75,36.5,5.06,359.94,2.81,31.5
9106,0.47,-5.1,8.31,0.0,-0.19,-0.06,-4.75,36.5,5.06,359.94,2.81,31.5
9126,0.5,-5.07,8.3,0.06,-0.31,0.12,-4.75,36.5,5.06,359.94,2.81,31.5
9147,0.49,-5.11,8.34,0.06,0.0,-0.06,-4.75,37.56,4.69,359.94,2.81,31.5
9167,0.49,-5.09,8.33,-0.12,0.06,-0.12,-4.75,37.56,4.69,359.94,2.81,31.5
9185,0.49,-5.09,8.34,0.0,0.0,0.0,-4.75,37.56,4.69,359.94,2.81,31.5
9206,0.49,-5.11,8.34,-0.06,0.06,0.06,-5.19,37.25,4.25,359.94,2.81,31.5
9227,0.47,-5.08,8.3,-0.25,0.31,0.0,-5.19,37.25,4.25,359.94,2.81,31.5
9246,0.51,-5.07,8.34,0.19,0.0,0.0,-3.69,38.38,5.5,359.94,2.81,31.5
9266,0.51,-5.08,8.31,0.06,-0.12,-0.06,-3.69,38.38,5.5,359.94,2.81,31.5
9285,0.5,-5.1,8.33,-0.06,0.06,-0.06,-3.69,38.38,5.5,359.94,2.81,31.5
9306,0.49,-5.1,8.29,-0.06,0.19,0.12,-4.5,38.38,5.5,359.94,2.81,31.5
9326,0.5,-5.1,8.31,0.12,0.0,0.06,-4.5,38.38,5.5,359.94,2.81,31.5
9347,0.5,-5.09,8.35,-0.06,-0.06,0.06,-5.19,38.0,5.06,359.94,2.81,31.5
9367,0.41,-5.18,8.59,-13.75,10.31,1.5,-5.19,38.0,5.06,359.94,2.81,31.5
9385,0.0,-5.57,6.7,-26.37,20.0,0.75,-5.19,38.0,5.06,0.0,2.56,31.87
9406,0.57,-4.87,7.92,-20.81,24.81,1.0,-4.5,38.0,5.06,0.12,2.19,32.31
9426,0.16,-5.2,7.71,-15.44,18.25,1.0,-4.5,38.0,5.06,0.19,1.81,32.63
9445,0.0,-5.35,7.68,-3.38,4.06,-0.31,-3.25,38.75,6.25,0.25,1.69,32.75
9466,0.26,-5.31,7.83,7.75,-9.5,-0.88,-3.25,38.75,6.25,0.25,1.81,32.69
9483,0.39,-5.23,8.15,12.75,-13.5,-0.75,-3.25,38.75,6.25,0.19,2.06,32.44
9501,0.47,-5.2,8.33,12.25,-11.06,-0.5,-4.5,38.0,4.5,0.12,2.25,32.19
9519,0.46,-5.17,8.48,10.13,-8.75,-0.25,-4.5,38.0,4.5,0.06,2.31,32.13
9537,0.43,-5.15,8.51,8.81,-8.13,-0.31,-4.69,39.25,5.25,0.0,2.44,31.94
9556,0.52,-5.17,8.57,5.94,-6.13,-0.37,-4.69,39.25,5.25,0.0,2.56,31.81
9577,0.57,-5.16,8.46,0.25,0.0,0.06,-4.69,39.25,5.25,359.94,2.63,31.75
9595,0.51,-5.1,8.33,-1.37,1.75,-0.12,-4.25,38.56,4.5,359.94,2.63,31.75
9616,0.38,-5.14,8.23,-1.69,2.25,0.25,-4.25,38.56,4.5,0.0,2.56,31.81
9635,0.42,-5.17,8.26,0.0,-0.19,0.0,-4.25,38.56,4.5,0.0,2.56,31.81
9655,0.49,-5.12,8.34,1.12,-1.81,0.0,-4.56,36.69,5.25,0.0,2.56,31.75
9676,0.49,-5.12,8.31,0.5,-0.63,0.0,-4.56,36.69,5.25,359.94,2.63,31.75
9694,0.66,-5.14,7.96,-5.94,5.06,0.06,-4.19,37.06,3.69,0.0,2.56,31.81
9713,0.41,-5.14,7.84,-8.44,8.94,0.5,-4.19,37.06,3.69,0.06,2.44,32.0
9731,-0.09,-5.12,7.94,3.81,-0.19,0.0,-4.19,37.06,3.69,0.06,2.38,32.0
9748,0.48,-5.31,8.96,10.25,-10.25,-0.69,-5.25,37.5,4.5,0.0,2.44,31.87
9767,0.61,-5.19,8.66,4.63,-9.25,-0.75,-5.25,37.5,4.5,0.0,2.56,31.75
9786,0.65,-5.02,8.05,3.19,-6.19,-0.75,-5.25,36.38,5.25,359.94,2.75,31.69
9806,0.61,-5.06,8.51,1.56,0.75,0.12,-5.25,36.38,5.25,359.94,2.75,31.62
9827,0.4,-5.07,8.51,-2.38,3.94,0.44,-5.25,36.38,5.25,359.94,2.69,31.62
9845,0.37,-5.12,8.05,-1.81,0.94,0.12,-6.06,38.19,4.38,0.0,2.63,31.69
9866,0.47,-5.14,8.27,2.13,-2.56,-0.06,-6.06,38.19,4.38,359.94,2.69,31.69
9883,0.57,-5.1,8.44,1.0,-1.25,-0.12,-6.06,38.19,4.38,359.94,2.75,31.62
9904,0.48,-5.09,8.3,-1.06,1.37,-0.12,-4.88,37.19,5.56,359.94,2.69,31.62
9924,0.44,-5.15,8.3,-1.0,1.19,0.19,-4.88,37.19,5.56,359.94,2.69,31.69
9946,0.45,-5.14,8.31,-0.06,0.12,0.12,-5.69,37.19,5.19,359.94,2.69,31.69
9966,0.43,-5.14,8.26,0.37,-0.56,0.0,-5.69,37.19,5.19,359.94,2.69,31.69
9985,0.47,-5.12,8.31,0.5,-0.06,0.0,-5.69,37.19,5.19,359.94,2.69,31.69
10006,0.47,-5.12,8.35,0.19,0.0,-0.06,-5.69,37.19,2.88,359.94,2.69,31.69
10027,0.46,-5.11,8.26,0.25,-0.12,-0.37,-5.69,37.19,2.88,359.94,2.69,31.69
10047,0.47,-5.1,8.27,1.56,-1.37,-0.12,-4.56,38.25,4.38,359.94,2.69,31.69
10067,0.47,-5.08,8.26,2.56,-2.69,0.0,-4.56,38.25,4.38,359.94,2.75,31.62
10086,0.47,-5.07,8.3,2.88,-2.75,-0.19,-5.25,37.88,4.0,359.94,2.75,31.56
10106,0.56,-5.05,8.43,2.75,-2.94,0.06,-5.25,37.88,4.0,359.94,2.81,31.5
10127,0.55,-5.07,8.42,1.31,-1.5,0.06,-5.25,37.88,4.0,359.88,2.88,31.5
10147,0.53,-5.08,8.39,-1.56,1.94,0.12,-4.56,36.38,5.19,359.94,2.81,31.5
10167,0.47,-5.06,8.33,-1.88,2.25,0.25,-4.56,36.38,5.19,359.94,2.81,31.56
10186,0.47,-5.08,8.33,-1.63,1.37,0.19,-4.56,37.88,3.19,359.94,2.75,31.56
10207,0.47,-5.14,8.31,-0.69,0.88,0.0,-4.56,37.88,3.19,359.94,2.75,31.56
10226,0.46,-5.1,8.3,-0.63,0.75,0.0,-4.56,37.88,3.19,359.94,2.75,31.56
10247,0.45,-5.12,8.27,-0.19,0.5,0.12,-4.19,36.38,5.19,359.94,2.75,31.62
10267,0.52,-5.07,8.32,1.0,-0.94,-0.06,-4.19,36.38,5.19,359.94,2.75,31.56
10286,0.51,-5.07,8.37,1.06,-1.56,-0.06,-4.19,36.38,5.19,359.94,2.75,31.56
10306,0.52,-5.12,8.31,0.5,-0.94,0.06,-3.06,38.25,4.0,359.94,2.81,31.56
10327,0.49,-5.15,8.32,0.06,0.25,-0.06,-3.06,38.25,4.0,359.94,2.81,31.56
10347,0.47,-5.13,8.28,1.12,-1.12,-0.12,-5.25,38.25,4.06,359.94,2.81,31.56
10368,0.49,-5.08,8.29,2.56,-2.63,-0.12,-5.25,38.25,4.06,359.94,2.81,31.56
10386,0.5,-5.04,8.33,2.63,-2.69,-0.12,-5.25,38.25,4.06,359.88,2.88,31.5
10406,0.54,-5.02,8.41,2.13,-2.25,0.0,-4.88,37.88,4.06,359.88,2.88,31.44
10427,0.54,-5.02,8.42,0.5,-0.5,-0.06,-4.88,37.88,4.06,359.88,2.94,31.44
10447,0.53,-5.09,8.33,-0.94,1.37,-0.12,-4.56,37.5,3.69,359.88,2.88,31.44
10467,0.45,-5.14,8.29,-0.75,1.06,0.0,-4.56,37.5,3.69,359.88,2.88,31.44
10485,0.46,-5.07,8.3,0.5,-0.56,0.0,-4.56,37.5,3.69,359.88,2.88,31.44
10504,0.52,-5.04,8.32,1.69,-1.88,-0.25,-4.19,37.19,3.69,359.88,2.94,31.44
10524,0.54,-5.03,8.42,1.25,-1.44,-0.12,-4.19,37.19,3.69,359.88,2.94,31.37
10545,0.56,-5.02,8.43,-0.75,0.75,-0.06,-4.5,37.19,4.5,359.88,2.94,31.37
10565,0.47,-5.07,8.29,-2.06,2.38,0.0,-4.5,37.19,4.5,359.88,2.88,31.44
10584,0.44,-5.06,8.33,-1.56,2.06,-0.19,-4.5,37.19,4.5,359.88,2.88,31.5
10604,0.49,-5.07,8.32,-1.06,0.75,-0.06,-5.19,37.88,3.25,359.88,2.88,31.5
10622,0.51,-5.05,8.32,-0.88,0.31,-0.12,-5.19,37.88,3.25,359.88,2.88,31.5
10642,0.52,-5.05,8.41,-1.06,0.88,-0.06,-4.5,37.88,4.5,359.94,2.81,31.5
10659,0.52,-5.05,8.38,-2.06,1.94,0.0,-4.5,37.88,4.5,359.94,2.81,31.56
10678,0.52,-5.08,8.35,-2.81,2.69,0.0,-4.5,37.88,4.5,359.94,2.81,31.56
10696,0.5,-5.11,8.33,-3.06,2.81,0.19,-4.5,37.19,4.88,359.94,2.75,31.62
10717,0.49,-5.13,8.26,-3.06,3.31,0.06,-4.5,37.19,4.88,359.94,2.69,31.69
10735,0.49,-5.15,8.29,-2.44,2.38,0.12,-4.5,37.19,4.88,0.0,2.63,31.75
10755,0.47,-5.15,8.3,-1.56,1.37,0.06,-4.19,37.88,5.19,0.0,2.63,31.81
10776,0.43,-5.16,8.27,-0.81,0.75,-0.06,-4.19,37.88,5.19,0.0,2.63,31.81
10797,0.45,-5.17,8.29,-0.44,0.5,0.12,-4.19,37.5,5.56,0.0,2.63,31.81
10817,0.44,-5.15,8.22,0.37,-0.12,0.06,-4.19,37.5,5.56,0.0,2.63,31.81
10835,0.42,-5.13,8.28,1.19,-1.0,0.0,-4.19,37.5,5.56,0.0,2.63,31.81
10856,0.47,-5.1,8.34,1.44,-1.44,-0.12,-4.19,38.25,4.0,0.0,2.63,31.75
10876,0.49,-5.09,8.32,1.25,-1.5,0.0,-4.19,38.25,4.0,0.0,2.69,31.75
10897,0.49,-5.09,8.38,0.56,-0.56,0.06,-4.19,37.88,5.19,0.0,2.69,31.75
10917,0.45,-5.07,8.36,0.12,-0.19,0.0,-4.19,37.88,5.19,0.0,2.69,31.75
10936,0.46,-5.06,8.35,0.19,0.25,-0.12,-4.19,37.88,5.19,0.0,2.69,31.75
10956,0.48,-5.11,8.32,-0.19,0.12,-0.12,-4.56,37.19,4.0,0.0,2.69,31.75
10977,0.48,-5.14,8.32,-0.25,0.19,0.0,-4.56,37.19,4.0,0.0,2.69,31.75
10997,0.44,-5.12,8.33,-0.31,0.44,-0.12,-4.88,37.5,4.38,0.0,2.69,31.75
11017,0.49,-5.13,8.33,-0.37,0.25,-0.06,-4.88,37.5,4.38,0.0,2.69,31.75
11036,0.43,-5.12,8.33,-0.5,0.5,0.0,-4.56,37.19,3.19,0.0,2.69,31.75
11057,0.46,-5.15,8.3,-0.44,0.81,0.0,-4.56,37.19,3.19,0.0,2.69,31.75
11077,0.48,-5.13,8.3,0.25,-0.19,-0.12,-4.56,37.19,3.19,0.0,2.69,31.75
11098,0.45,-5.11,8.32,0.0,0.0,0.06,-4.56,36.75,5.19,0.0,2.69,31.75
11117,0.46,-5.12,8.3,-0.06,0.19,0.0,-4.56,36.75,5.19,0.0,2.69,31.75
11137,0.47,-5.11,8.3,-0.12,0.12,-0.06,-4.19,37.5,4.38,0.0,2.69,31.75
11157,0.46,-5.14,8.3,-0.12,0.19,-0.06,-4.19,37.5,4.38,0.0,2.69,31.75
11176,0.47,-5.1,8.29,0.12,0.06,-0.06,-4.19,37.5,4.38,0.0,2.69,31.75
11197,0.46,-5.13,8.32,0.25,-0.25,0.0,-4.88,37.5,4.75,0.0,2.69,31.75
11217,0.46,-5.11,8.32,0.31,-0.31,0.0,-4.88,37.5,4.75,0.0,2.69,31.75
11237,0.46,-5.13,8.35,0.25,-0.37,0.0,-4.19,37.5,4.0,0.0,2.69,31.75
11257,0.47,-5.12,8.32,0.06,-0.25,-0.19,-4.19,37.5,4.0,0.0,2.69,31.75
11277,0.46,-5.08,8.32,0.0,-0.06,-0.06,-4.19,37.5,4.0,0.0,2.69,31.75
11297,0.46,-5.11,8.35,-0.06,-0.06,0.12,-4.56,38.69,4.75,0.0,2.69,31.75
11317,0.46,-5.1,8.3,-0.19,0.19,0.06,-4.56,38.69,4.75,0.0,2.69,31.75
11336,0.47,-5.11,8.34,0.0,0.0,0.0,-4.56,38.69,4.75,0.0,2.69,31.75
11357,0.45,-5.14,8.29,-0.12,0.0,-0.06,-5.25,39.0,5.19,0.0,2.69,31.75
11377,0.47,-5.09,8.27,-0.25,0.06,-0.12,-5.25,39.0,5.19,0.0,2.69,31.75
11397,0.47,-5.11,8.38,0.0,-0.12,0.06,-5.25,36.38,4.75,0.0,2.69,31.75
11417,0.49,-5.11,8.31,0.0,-0.19,0.0,-5.25,36.38,4.75,0.0,2.69,31.75
11437,0.47,-5.1,8.34,-0.31,0.5,-0.25,-4.88,37.5,4.0,0.0,2.69,31.75
11457,0.49,-5.12,8.3,-0.69,0.69,0.0,-4.88,37.5,4.0,0.0,2.69,31.75
11478,0.47,-5.12,8.31,-0.81,0.94,0.0,-4.88,37.5,4.0,0.0,2.63,31.75
11498,0.46,-5.16,8.27,-0.81,0.63,0.06,-3.38,38.25,3.56,0.0,2.63,31.75
11517,0.46,-5.15,8.25,-0.19,0.37,0.0,-3.38,38.25,3.56,0.0,2.63,31.75
11537,0.44,-5.14,8.28,0.12,-0.06,0.12,-3.75,37.88,4.0,0.0,2.63,31.75
11557,0.46,-5.1,8.31,1.19,-1.25,-0.06,-3.75,37.88,4.0,0.0,2.63,31.75
11577,0.49,-5.09,8.32,1.25,-1.37,-0.12,-3.75,37.88,4.0,0.0,2.69,31.75
11597,0.49,-5.08,8.4,0.06,-0.31,-0.06,-4.19,36.38,4.38,359.94,2.69,31.75
11617,0.48,-5.09,8.3,-0.56,0.56,-0.12,-4.19,36.38,4.38,359.94,2.69,31.75
11636,0.47,-5.12,8.33,-0.94,1.37,0.06,-4.19,36.38,4.38,0.0,2.69,31.75
11657,0.46,-5.14,8.31,-0.5,0.5,0.0,-4.19,36.75,4.75,0.0,2.63,31.75
11677,0.48,-5.11,8.28,-0.31,0.12,0.0,-4.19,36.75,4.75,0.0,2.63,31.75
11697,0.47,-5.13,8.3,-0.19,0.19,0.06,-5.25,38.25,5.56,0.0,2.63,31.75
11717,0.44,-5.12,8.25,-0.19,0.56,0.19,-5.25,38.25,5.56,0.0,2.63,31.75
11737,0.46,-5.11,8.32,0.37,-0.44,0.0,-4.19,37.88,4.0,0.0,2.63,31.75
11757,0.46,-5.12,8.33,0.56,-0.56,0.06,-4.19,37.88,4.0,0.0,2.63,31.75
11778,0.5,-5.12,8.33,-0.12,0.44,-0.06,-4.19,37.88,4.0,0.0,2.69,31.75
11798,0.43,-5.12,8.32,-0.37,0.69,0.0,-3.75,36.75,4.38,0.0,2.63,31.75
